{"stats":{"minecraft:custom":{"minecraft:time_since_rest":17871,"minecraft:interact_with_furnace":2,"minecraft:sprint_one_cm":69290,"minecraft:damage_taken":330,"minecraft:walk_one_cm":86757,"minecraft:mob_kills":4,"minecraft:damage_dealt":421,"minecraft:swim_one_cm":7776,"minecraft:interact_with_crafting_table":4,"minecraft:fly_one_cm":105329,"minecraft:open_chest":7,"minecraft:crouch_one_cm":3087,"minecraft:play_time":29800,"minecraft:deaths":1,"minecraft:sneak_time":1040,"minecraft:walk_under_water_one_cm":3225,"minecraft:jump":598,"minecraft:walk_on_water_one_cm":6718,"minecraft:time_since_death":19542,"minecraft:sleep_in_bed":1,"minecraft:total_world_time":29800,"minecraft:fall_one_cm":14596,"minecraft:horse_one_cm":65148},"minecraft:used":{"minecraft:oak_log":3,"minecraft:leather_leggings":1,"minecraft:stone_pickaxe":131,"minecraft:leather_helmet":1,"minecraft:stone_axe":9,"minecraft:torch":11,"minecraft:dirt":69,"minecraft:cobblestone":30,"minecraft:crafting_table":2,"minecraft:furnace":1,"minecraft:egg":1},"minecraft:mined":{"minecraft:white_bed":1,"minecraft:iron_ore":9,"minecraft:torch":1,"minecraft:crafting_table":2,"minecraft:granite":1,"minecraft:grass":2,"minecraft:coal_ore":54,"minecraft:oak_log":6,"minecraft:gravel":1,"minecraft:dirt":2,"minecraft:copper_ore":2,"minecraft:stone":65,"minecraft:oak_leaves":1,"minecraft:wall_torch":1},"minecraft:killed":{"decayingmobsbackport:hunted_zombie":1,"decayingmobsbackport:half_pig":1,"minecraft:cow":2},"minecraft:picked_up":{"minecraft:raw_iron":9,"minecraft:crafting_table":2,"minecraft:leather_leggings":1,"minecraft:leather":1,"minecraft:torch":2,"minecraft:gravel":1,"minecraft:sand":2,"minecraft:oak_log":6,"minecraft:white_bed":1,"minecraft:dirt":5,"minecraft:leather_helmet":1,"minecraft:raw_copper":5,"minecraft:beef":3,"minecraft:granite":1,"minecraft:stone_pickaxe":1,"minecraft:coal":54,"minecraft:egg":1,"minecraft:cobblestone":65},"minecraft:broken":{"minecraft:stone_pickaxe":1},"minecraft:crafted":{"minecraft:oak_planks":12,"minecraft:stick":24,"minecraft:furnace":1,"minecraft:torch":84},"minecraft:killed_by":{"mutationcraft:necroptor":1}},"DataVersion":3120}