{"stats":{"minecraft:custom":{"minecraft:interact_with_furnace":7,"minecraft:mob_kills":10,"minecraft:interact_with_crafting_table":8,"minecraft:time_since_death":15104,"minecraft:sleep_in_bed":1,"minecraft:time_since_rest":15156,"minecraft:sprint_one_cm":148333,"minecraft:damage_taken":820,"minecraft:walk_one_cm":151988,"minecraft:drop":1,"minecraft:damage_dealt":1033,"minecraft:swim_one_cm":15469,"minecraft:fly_one_cm":241814,"minecraft:open_chest":9,"minecraft:crouch_one_cm":4272,"minecraft:play_time":53800,"minecraft:deaths":2,"minecraft:sneak_time":1289,"minecraft:walk_under_water_one_cm":7202,"minecraft:jump":1329,"minecraft:walk_on_water_one_cm":15429,"minecraft:total_world_time":53800,"minecraft:fall_one_cm":39898,"minecraft:horse_one_cm":65148},"minecraft:used":{"minecraft:leather_leggings":1,"minecraft:iron_shovel":40,"minecraft:stone_pickaxe":131,"minecraft:torch":41,"minecraft:dirt":71,"minecraft:crafting_table":2,"minecraft:oak_log":3,"minecraft:iron_pickaxe":135,"minecraft:leather_helmet":1,"minecraft:stone_axe":21,"minecraft:cobblestone":65,"minecraft:written_book":3,"minecraft:furnace":1,"minecraft:egg":2},"minecraft:killed":{"minecraft:pig":2,"decayingmobsbackport:half_pig":2,"minecraft:sheep":1,"decayingmobsbackport:hunted_zombie":1,"minecraft:glow_squid":2,"minecraft:cow":2},"minecraft:mined":{"create:zinc_ore":18,"minecraft:white_bed":1,"minecraft:crafting_table":3,"minecraft:torch":1,"minecraft:granite":1,"minecraft:grass_block":3,"minecraft:redstone_wire":1,"minecraft:copper_ore":4,"minecraft:cobblestone":15,"minecraft:diorite":2,"minecraft:wall_torch":6,"minecraft:furnace":1,"minecraft:iron_ore":21,"minecraft:birch_leaves":1,"minecraft:gold_block":2,"create:asurine":22,"minecraft:grass":3,"minecraft:oak_log":6,"minecraft:coal_ore":59,"minecraft:gravel":42,"minecraft:dirt":10,"minecraft:stone":111,"minecraft:netherrack":2,"minecraft:player_head":1,"minecraft:oak_leaves":2,"minecraft:deepslate":1},"minecraft:picked_up":{"minecraft:crafting_table":3,"minecraft:glow_ink_sac":6,"minecraft:leather_leggings":2,"minecraft:leather":2,"minecraft:gold_block":2,"minecraft:flint":10,"create:raw_zinc":18,"minecraft:oak_log":24,"minecraft:dirt":25,"minecraft:raw_copper":17,"minecraft:iron_shovel":1,"minecraft:wheat_seeds":1,"minecraft:cobbled_deepslate":1,"minecraft:stone_pickaxe":1,"minecraft:beef":8,"minecraft:iron_ingot":5,"minecraft:written_book":1,"minecraft:player_head":2,"minecraft:iron_pickaxe":1,"minecraft:sugar_cane":2,"minecraft:oak_planks":14,"minecraft:furnace":1,"minecraft:egg":2,"minecraft:stick":3,"minecraft:raw_iron":21,"minecraft:torch":59,"minecraft:gravel":74,"minecraft:porkchop":5,"minecraft:sand":4,"minecraft:diorite":2,"minecraft:white_bed":2,"minecraft:redstone":2,"minecraft:leather_helmet":2,"minecraft:stone_axe":1,"minecraft:granite":1,"create:asurine":22,"minecraft:bread":9,"minecraft:mutton":2,"minecraft:coal":92,"minecraft:white_wool":1,"minecraft:cobblestone":196},"minecraft:dropped":{"minecraft:granite":1},"minecraft:broken":{"minecraft:stone_pickaxe":1},"minecraft:crafted":{"minecraft:oak_planks":28,"minecraft:furnace":1,"minecraft:air":0,"minecraft:stick":28,"minecraft:iron_ingot":9,"minecraft:iron_pickaxe":1,"minecraft:iron_shovel":1,"minecraft:torch":84},"minecraft:killed_by":{"mutationcraft:necroptor":1}},"DataVersion":3120}