{"stats":{"minecraft:custom":{"minecraft:time_since_rest":5871,"minecraft:interact_with_furnace":1,"minecraft:sprint_one_cm":44350,"minecraft:damage_taken":280,"minecraft:walk_one_cm":51381,"minecraft:mob_kills":1,"minecraft:damage_dealt":121,"minecraft:swim_one_cm":3385,"minecraft:interact_with_crafting_table":3,"minecraft:fly_one_cm":71185,"minecraft:open_chest":7,"minecraft:crouch_one_cm":201,"minecraft:play_time":17800,"minecraft:deaths":1,"minecraft:sneak_time":57,"minecraft:walk_under_water_one_cm":2800,"minecraft:jump":354,"minecraft:walk_on_water_one_cm":4370,"minecraft:time_since_death":7542,"minecraft:sleep_in_bed":1,"minecraft:total_world_time":17800,"minecraft:fall_one_cm":8791,"minecraft:horse_one_cm":65148},"minecraft:used":{"minecraft:oak_log":3,"minecraft:leather_leggings":1,"minecraft:stone_pickaxe":21,"minecraft:leather_helmet":1,"minecraft:stone_axe":2,"minecraft:dirt":3,"minecraft:cobblestone":2,"minecraft:crafting_table":1,"minecraft:egg":1},"minecraft:mined":{"minecraft:white_bed":1,"minecraft:crafting_table":2,"minecraft:granite":1,"minecraft:grass":2,"minecraft:oak_log":6,"minecraft:dirt":1,"minecraft:copper_ore":2,"minecraft:stone":18,"minecraft:oak_leaves":1},"minecraft:killed":{"decayingmobsbackport:hunted_zombie":1},"minecraft:picked_up":{"minecraft:crafting_table":2,"minecraft:leather_leggings":1,"minecraft:sand":2,"minecraft:oak_log":6,"minecraft:white_bed":1,"minecraft:dirt":4,"minecraft:leather_helmet":1,"minecraft:raw_copper":5,"minecraft:granite":1,"minecraft:stone_pickaxe":1,"minecraft:egg":1,"minecraft:cobblestone":20},"minecraft:killed_by":{"mutationcraft:necroptor":1}},"DataVersion":3120}