{"stats":{"minecraft:custom":{"minecraft:time_since_rest":5800,"minecraft:play_time":5800,"minecraft:sprint_one_cm":21530,"minecraft:damage_taken":200,"minecraft:walk_one_cm":8788,"minecraft:walk_under_water_one_cm":2800,"minecraft:mob_kills":1,"minecraft:jump":155,"minecraft:damage_dealt":100,"minecraft:time_since_death":5800,"minecraft:walk_on_water_one_cm":4370,"minecraft:total_world_time":5800,"minecraft:swim_one_cm":3385,"minecraft:fall_one_cm":4205,"minecraft:fly_one_cm":40402},"minecraft:used":{"minecraft:dirt":1,"minecraft:egg":1},"minecraft:killed":{"decayingmobsbackport:hunted_zombie":1},"minecraft:mined":{"minecraft:grass":2,"minecraft:oak_log":6,"minecraft:dirt":1,"minecraft:oak_leaves":1},"minecraft:picked_up":{"minecraft:oak_log":6,"minecraft:dirt":1,"minecraft:egg":1}},"DataVersion":3120}