{"stats":{"minecraft:custom":{"minecraft:interact_with_furnace":7,"minecraft:mob_kills":14,"minecraft:interact_with_crafting_table":9,"minecraft:time_since_death":2132,"minecraft:sleep_in_bed":4,"minecraft:time_since_rest":2170,"minecraft:sprint_one_cm":234476,"minecraft:damage_taken":1838,"minecraft:walk_one_cm":198084,"minecraft:drop":5,"minecraft:damage_dealt":1952,"minecraft:swim_one_cm":16257,"minecraft:fly_one_cm":351769,"minecraft:open_chest":11,"minecraft:crouch_one_cm":4841,"minecraft:play_time":71800,"minecraft:deaths":4,"minecraft:sneak_time":1507,"minecraft:walk_under_water_one_cm":13608,"minecraft:jump":1928,"minecraft:walk_on_water_one_cm":23639,"minecraft:total_world_time":71800,"minecraft:fall_one_cm":55986,"minecraft:horse_one_cm":65148},"minecraft:used":{"minecraft:leather_leggings":1,"minecraft:iron_shovel":40,"minecraft:stone_pickaxe":131,"minecraft:torch":42,"minecraft:dirt":75,"minecraft:sand":2,"minecraft:crafting_table":3,"minecraft:white_bed":3,"minecraft:oak_log":3,"minecraft:iron_axe":17,"minecraft:bread":6,"minecraft:iron_pickaxe":135,"minecraft:leather_helmet":1,"minecraft:stone_axe":23,"minecraft:cobblestone":74,"minecraft:written_book":3,"minecraft:furnace":1,"minecraft:egg":3},"minecraft:killed":{"minecraft:pig":2,"decayingmobsbackport:half_pig":2,"minecraft:sheep":1,"decayingmobsbackport:hunted_zombie":1,"mutationcraft:necroptor":1,"minecraft:zombie":1,"mutationcraft:assimilated_jockey":1,"minecraft:glow_squid":2,"minecraft:cow":3},"minecraft:mined":{"create:zinc_ore":18,"minecraft:white_bed":4,"minecraft:crafting_table":4,"minecraft:torch":1,"minecraft:granite":1,"minecraft:grass_block":7,"minecraft:redstone_wire":1,"minecraft:copper_ore":4,"minecraft:cobblestone":15,"minecraft:sugar_cane":1,"minecraft:diorite":2,"minecraft:wall_torch":7,"minecraft:furnace":1,"minecraft:iron_ore":21,"minecraft:birch_leaves":1,"minecraft:gold_block":2,"create:asurine":22,"minecraft:grass":3,"minecraft:oak_log":6,"minecraft:coal_ore":59,"minecraft:gravel":42,"minecraft:dirt":12,"minecraft:stone":111,"minecraft:netherrack":2,"minecraft:player_head":1,"minecraft:oak_leaves":2,"minecraft:deepslate":1},"minecraft:picked_up":{"minecraft:crafting_table":6,"minecraft:glow_ink_sac":12,"minecraft:leather_leggings":4,"minecraft:leather":7,"minecraft:gold_block":6,"minecraft:flint":20,"create:raw_zinc":36,"minecraft:oak_log":60,"minecraft:dirt":40,"minecraft:raw_copper":41,"minecraft:iron_axe":2,"minecraft:iron_shovel":3,"minecraft:wheat_seeds":1,"minecraft:cobbled_deepslate":1,"minecraft:stone_pickaxe":1,"minecraft:beef":21,"minecraft:iron_ingot":9,"minecraft:written_book":3,"minecraft:player_head":3,"minecraft:iron_pickaxe":3,"minecraft:sugar_cane":15,"minecraft:oak_planks":28,"minecraft:crimson_sign":3,"minecraft:furnace":3,"minecraft:egg":3,"minecraft:stick":4,"minecraft:raw_iron":33,"minecraft:torch":162,"mutationcraft:putrid_claw":6,"minecraft:gravel":148,"minecraft:porkchop":15,"minecraft:sand":8,"minecraft:diorite":4,"minecraft:white_bed":6,"minecraft:redstone":4,"minecraft:leather_helmet":4,"minecraft:rotten_flesh":2,"minecraft:stone_axe":1,"minecraft:granite":1,"create:asurine":44,"minecraft:bread":12,"minecraft:netherrack":6,"minecraft:mutton":4,"minecraft:coal":164,"minecraft:white_wool":1,"minecraft:cobblestone":245},"minecraft:dropped":{"minecraft:wheat_seeds":1,"minecraft:cobbled_deepslate":1,"minecraft:granite":1,"minecraft:diorite":2,"minecraft:white_wool":1},"minecraft:broken":{"minecraft:stone_pickaxe":1,"minecraft:stone_axe":1},"minecraft:crafted":{"minecraft:oak_planks":28,"minecraft:furnace":1,"minecraft:air":0,"minecraft:iron_axe":1,"minecraft:stick":28,"minecraft:iron_ingot":9,"minecraft:iron_pickaxe":1,"minecraft:iron_shovel":1,"minecraft:torch":84},"minecraft:killed_by":{"mutationcraft:necroptor":1,"minecraft:zombie":1,"mutationcraft:assimilated_enderman":1}},"DataVersion":3120}