{"stats":{"minecraft:custom":{"minecraft:time_since_rest":3156,"minecraft:interact_with_furnace":7,"minecraft:sprint_one_cm":108511,"minecraft:damage_taken":740,"minecraft:walk_one_cm":119992,"minecraft:mob_kills":4,"minecraft:drop":1,"minecraft:damage_dealt":453,"minecraft:swim_one_cm":9371,"minecraft:interact_with_crafting_table":8,"minecraft:fly_one_cm":166301,"minecraft:open_chest":8,"minecraft:crouch_one_cm":3360,"minecraft:play_time":41800,"minecraft:deaths":2,"minecraft:sneak_time":1106,"minecraft:walk_under_water_one_cm":5028,"minecraft:jump":928,"minecraft:walk_on_water_one_cm":8142,"minecraft:time_since_death":3104,"minecraft:sleep_in_bed":1,"minecraft:total_world_time":41800,"minecraft:fall_one_cm":28144,"minecraft:horse_one_cm":65148},"minecraft:used":{"minecraft:oak_log":3,"minecraft:leather_leggings":1,"minecraft:iron_shovel":40,"minecraft:stone_pickaxe":131,"minecraft:iron_pickaxe":56,"minecraft:leather_helmet":1,"minecraft:stone_axe":9,"minecraft:torch":36,"minecraft:dirt":71,"minecraft:cobblestone":44,"minecraft:written_book":3,"minecraft:crafting_table":2,"minecraft:furnace":1,"minecraft:egg":2},"minecraft:mined":{"minecraft:white_bed":1,"minecraft:iron_ore":9,"minecraft:birch_leaves":1,"minecraft:torch":1,"minecraft:crafting_table":2,"minecraft:granite":1,"minecraft:grass_block":3,"minecraft:grass":2,"minecraft:coal_ore":56,"minecraft:oak_log":6,"minecraft:redstone_wire":1,"minecraft:gravel":42,"minecraft:dirt":10,"minecraft:cobblestone":8,"minecraft:copper_ore":2,"minecraft:stone":110,"minecraft:player_head":1,"minecraft:oak_leaves":2,"minecraft:wall_torch":1},"minecraft:killed":{"decayingmobsbackport:hunted_zombie":1,"decayingmobsbackport:half_pig":1,"minecraft:cow":2},"minecraft:picked_up":{"minecraft:raw_iron":9,"minecraft:crafting_table":2,"minecraft:leather_leggings":1,"minecraft:leather":1,"minecraft:torch":3,"minecraft:gravel":37,"minecraft:flint":5,"minecraft:sand":2,"minecraft:oak_log":6,"minecraft:white_bed":1,"minecraft:redstone":1,"minecraft:dirt":16,"minecraft:leather_helmet":1,"minecraft:raw_copper":5,"minecraft:beef":3,"minecraft:granite":1,"minecraft:stone_pickaxe":1,"minecraft:player_head":1,"minecraft:coal":56,"minecraft:egg":2,"minecraft:cobblestone":120},"minecraft:dropped":{"minecraft:granite":1},"minecraft:broken":{"minecraft:stone_pickaxe":1},"minecraft:crafted":{"minecraft:oak_planks":28,"minecraft:stick":28,"minecraft:iron_pickaxe":1,"minecraft:iron_ingot":9,"minecraft:iron_shovel":1,"minecraft:furnace":1,"minecraft:torch":84,"minecraft:air":0},"minecraft:killed_by":{"mutationcraft:necroptor":1}},"DataVersion":3120}