{"stats":{"minecraft:mined":{"minecraft:smithing_table":1,"minecraft:white_bed":1,"minecraft:pink_bed":3,"minecraft:dandelion":2,"minecraft:brewing_stand":1,"minecraft:cornflower":1,"minecraft:crafting_table":6,"minecraft:torch":1,"gravestone:gravestone":3,"minecraft:grass_block":2571,"minecraft:chest":2,"minecraft:copper_ore":3,"minecraft:tall_grass":12,"minecraft:cobblestone":52,"minecraft:glass":1,"minecraft:oak_planks":8,"minecraft:hay_block":52,"minecraft:furnace":3,"minecraft:birch_log":18,"minecraft:iron_ore":2,"minecraft:fire":1,"minecraft:birch_leaves":1,"minecraft:black_bed":4,"minecraft:white_wall_banner":1,"minecraft:grass":82,"minecraft:coal_ore":24,"minecraft:oak_log":74,"minecraft:dirt_path":1,"minecraft:sand":746,"minecraft:dirt":1601,"minecraft:stone":205,"minecraft:oak_leaves":49},"minecraft:used":{"minecraft:stone_sword":148,"minecraft:stone_shovel":2761,"minecraft:stone_pickaxe":185,"minecraft:oak_planks":40,"minecraft:chest":4,"minecraft:wooden_pickaxe":9,"minecraft:oak_door":2,"minecraft:sand":16,"minecraft:torch":12,"minecraft:dirt":1203,"minecraft:crafting_table":6,"minecraft:white_bed":1,"minecraft:black_bed":4,"justhammers:iron_hammer":163,"minecraft:glass":1018,"minecraft:diamond_pickaxe":129,"minecraft:apple":1,"minecraft:diamond_shovel":2058,"minecraft:oak_stairs":12,"minecraft:bread":18,"justhammers:stone_hammer":103,"minecraft:pink_bed":4,"minecraft:cobblestone":18,"minecraft:gravel":2,"minecraft:stone_axe":82,"mutationcraft:putrid_claw":1,"minecraft:white_banner":2,"minecraft:furnace":6,"minecraft:birch_log":3,"minecraft:egg":1},"minecraft:killed":{"decayingmobsbackport:half_pig":1,"decayingmobsbackport:hunted_zombie":1,"mutationcraft:necroptor":2,"minecraft:pillager":3,"mutationcraft:assimilated_roamer":1,"mutationcraft:assimilated_cow":2},"minecraft:killed_by":{"mutationcraft:assimilated_human":3,"skinwalker_overhaul:skinwalker_overhaul":2,"mutationcraft:necroptor":1,"minecraft:pillager":1,"jacky:jacky":4,"mutationcraft:assimilated_cow":1,"mutationcraft:assimilated_roamer":1,"decayingmobsbackport:limb_snatcher":1},"minecraft:picked_up":{"minecraft:birch_log":21,"minecraft:crafting_table":7,"minecraft:wheat":8,"minecraft:azure_bluet":3,"minecraft:leather_leggings":2,"minecraft:black_bed":4,"minecraft:leather":25,"minecraft:smithing_table":5,"minecraft:wooden_pickaxe":5,"minecraft:oak_log":148,"gravestone:obituary":7,"minecraft:brewing_stand":4,"minecraft:cornflower":23,"minecraft:dirt":7195,"minecraft:white_banner":2,"minecraft:raw_copper":7,"minecraft:leather_boots":4,"minecraft:glass":22,"minecraft:bone":4,"minecraft:apple":14,"mutationcraft:metal_armor_leggings":7,"minecraft:wheat_seeds":88,"minecraft:beef":17,"minecraft:stone_pickaxe":13,"minecraft:poppy":2,"createarmory:nine_mm_casing":66,"minecraft:chest":2,"minecraft:birch_sapling":5,"minecraft:oak_planks":448,"minecraft:furnace":3,"minecraft:egg":2,"minecraft:pink_bed":4,"mutationcraft:necroptor_membrane":5,"minecraft:stick":20,"minecraft:raw_iron":6,"minecraft:torch":50,"minecraft:dandelion":74,"justhammers:iron_hammer":1,"minecraft:gravel":3,"mutationcraft:putrid_claw":69,"minecraft:sand":916,"justhammers:stone_hammer":1,"minecraft:white_bed":3,"minecraft:leather_helmet":6,"minecraft:stone_sword":10,"minecraft:stone_shovel":13,"minecraft:diamond":1,"minecraft:stone_axe":6,"minecraft:hay_block":52,"minecraft:crossbow":1,"minecraft:bread":248,"minecraft:oak_sapling":10,"mutationcraft:putrid_heart":1,"minecraft:coal":254,"minecraft:cobblestone":1108,"minecraft:oxeye_daisy":7},"minecraft:broken":{"minecraft:stone_pickaxe":1,"minecraft:leather_helmet":1,"justhammers:stone_hammer":1,"minecraft:diamond_shovel":1,"justhammers:iron_hammer":1,"minecraft:stone_shovel":21},"minecraft:custom":{"minecraft:interact_with_furnace":88,"minecraft:mob_kills":8,"minecraft:interact_with_crafting_table":35,"minecraft:leave_game":1,"minecraft:time_since_death":12458,"minecraft:sleep_in_bed":11,"minecraft:climb_one_cm":968,"minecraft:time_since_rest":6373,"minecraft:sprint_one_cm":693058,"minecraft:damage_taken":4891,"minecraft:walk_one_cm":824486,"minecraft:drop":138,"minecraft:damage_dealt":2751,"minecraft:swim_one_cm":14298,"minecraft:fly_one_cm":110504,"minecraft:open_chest":23,"minecraft:crouch_one_cm":31263,"minecraft:play_time":253435,"minecraft:deaths":15,"minecraft:sneak_time":9144,"minecraft:walk_under_water_one_cm":16089,"minecraft:jump":1772,"minecraft:walk_on_water_one_cm":26261,"minecraft:total_world_time":253435,"minecraft:fall_one_cm":26920,"minecraft:horse_one_cm":127366},"minecraft:dropped":{"minecraft:stone_sword":1,"minecraft:cobblestone":80,"minecraft:oak_planks":14,"minecraft:azure_bluet":3,"minecraft:leather_helmet":1,"minecraft:dirt":130,"minecraft:leather_leggings":1,"gravestone:obituary":6,"minecraft:sand":4,"minecraft:glass":43,"minecraft:stone_pickaxe":5,"minecraft:wooden_pickaxe":1,"minecraft:dandelion":26},"minecraft:crafted":{"minecraft:oak_planks":144,"minecraft:stone_shovel":23,"minecraft:crafting_table":2,"minecraft:wooden_pickaxe":1,"minecraft:furnace":3,"minecraft:diamond_shovel":1,"minecraft:stone_axe":1,"minecraft:bread":133,"minecraft:glass":630,"minecraft:stick":70,"minecraft:oak_stairs":20,"minecraft:stone_pickaxe":3,"minecraft:stone_sword":1,"minecraft:chest":2,"minecraft:wheat":405}},"DataVersion":3120}