{"stats":{"minecraft:custom":{"minecraft:time_since_rest":113,"minecraft:sprint_one_cm":82805,"minecraft:damage_taken":2030,"minecraft:walk_one_cm":158917,"minecraft:mob_kills":3,"minecraft:drop":3,"minecraft:damage_dealt":1296,"minecraft:interact_with_crafting_table":9,"minecraft:fly_one_cm":16769,"minecraft:crouch_one_cm":3022,"minecraft:play_time":45444,"minecraft:deaths":8,"minecraft:sneak_time":1774,"minecraft:jump":353,"minecraft:sleep_in_bed":1,"minecraft:time_since_death":58,"minecraft:total_world_time":45444,"minecraft:fall_one_cm":6484},"minecraft:used":{"minecraft:stone_sword":82,"minecraft:stone_shovel":260,"minecraft:stone_pickaxe":40,"minecraft:oak_planks":15,"minecraft:wooden_pickaxe":9,"minecraft:pink_bed":2,"minecraft:stone_axe":29,"minecraft:dirt":220,"mutationcraft:putrid_claw":1,"minecraft:crafting_table":6,"minecraft:birch_log":3,"minecraft:egg":1},"minecraft:mined":{"minecraft:pink_bed":1,"minecraft:birch_log":18,"minecraft:fire":1,"minecraft:birch_leaves":1,"minecraft:dandelion":2,"minecraft:cornflower":1,"minecraft:crafting_table":5,"minecraft:grass":36,"minecraft:coal_ore":24,"minecraft:grass_block":263,"minecraft:oak_log":37,"minecraft:dirt":38,"minecraft:tall_grass":5,"minecraft:stone":18,"minecraft:oak_planks":5,"minecraft:oak_leaves":35},"minecraft:killed":{"decayingmobsbackport:hunted_zombie":1,"mutationcraft:necroptor":1,"mutationcraft:assimilated_roamer":1,"decayingmobsbackport:half_pig":1,"mutationcraft:assimilated_cow":1},"minecraft:picked_up":{"minecraft:birch_log":21,"mutationcraft:necroptor_membrane":2,"minecraft:pink_bed":2,"minecraft:stick":5,"minecraft:crafting_table":5,"minecraft:dandelion":6,"minecraft:leather":5,"minecraft:wooden_pickaxe":3,"mutationcraft:putrid_claw":28,"minecraft:oak_log":76,"minecraft:cornflower":8,"minecraft:dirt":426,"minecraft:stone_sword":3,"mutationcraft:metal_armor_leggings":1,"minecraft:stone_shovel":3,"minecraft:apple":7,"minecraft:stone_axe":2,"minecraft:wheat_seeds":14,"minecraft:beef":9,"minecraft:stone_pickaxe":4,"createarmory:nine_mm_casing":22,"minecraft:oak_sapling":2,"minecraft:coal":96,"minecraft:birch_sapling":4,"minecraft:oak_planks":86,"mutationcraft:putrid_heart":1,"minecraft:cobblestone":47,"minecraft:egg":2},"minecraft:dropped":{"minecraft:dirt":2,"minecraft:stone_pickaxe":1},"minecraft:broken":{"minecraft:stone_shovel":1},"minecraft:crafted":{"minecraft:oak_planks":32,"minecraft:stone_shovel":2,"minecraft:crafting_table":2,"minecraft:stick":12,"minecraft:wooden_pickaxe":1,"minecraft:stone_pickaxe":1,"minecraft:stone_sword":1,"minecraft:stone_axe":1},"minecraft:killed_by":{"mutationcraft:assimilated_human":2,"skinwalker_overhaul:skinwalker_overhaul":2,"mutationcraft:assimilated_cow":1,"decayingmobsbackport:limb_snatcher":1,"mutationcraft:necroptor":1}},"DataVersion":3120}