{"stats":{"minecraft:crafted":{"minecraft:oak_planks":132,"minecraft:stone_shovel":23,"minecraft:crafting_table":2,"minecraft:wooden_pickaxe":1,"minecraft:furnace":3,"minecraft:diamond_shovel":1,"minecraft:stone_axe":1,"minecraft:bread":133,"minecraft:glass":630,"minecraft:stick":70,"minecraft:stone_pickaxe":3,"minecraft:stone_sword":1,"minecraft:chest":2,"minecraft:wheat":405},"minecraft:dropped":{"minecraft:cobblestone":68,"minecraft:azure_bluet":3,"minecraft:leather_helmet":1,"minecraft:dirt":130,"gravestone:obituary":5,"minecraft:leather_leggings":1,"minecraft:sand":4,"minecraft:wooden_pickaxe":1,"minecraft:glass":42,"minecraft:stone_pickaxe":5,"minecraft:dandelion":13},"minecraft:killed":{"decayingmobsbackport:half_pig":1,"decayingmobsbackport:hunted_zombie":1,"mutationcraft:necroptor":2,"minecraft:pillager":3,"mutationcraft:assimilated_roamer":1,"mutationcraft:assimilated_cow":1},"minecraft:used":{"minecraft:stone_sword":121,"minecraft:stone_shovel":2761,"minecraft:stone_pickaxe":185,"minecraft:oak_planks":38,"minecraft:chest":4,"minecraft:wooden_pickaxe":9,"minecraft:torch":10,"minecraft:sand":16,"minecraft:dirt":1125,"minecraft:crafting_table":6,"minecraft:white_bed":1,"minecraft:black_bed":3,"minecraft:glass":1000,"minecraft:diamond_pickaxe":20,"minecraft:apple":1,"minecraft:diamond_shovel":1851,"minecraft:bread":16,"minecraft:gravel":2,"minecraft:pink_bed":3,"minecraft:cobblestone":18,"minecraft:stone_axe":82,"mutationcraft:putrid_claw":1,"minecraft:white_banner":2,"minecraft:furnace":6,"minecraft:birch_log":3,"minecraft:egg":1},"minecraft:broken":{"minecraft:stone_pickaxe":1,"minecraft:diamond_shovel":1,"minecraft:stone_shovel":21},"minecraft:killed_by":{"mutationcraft:assimilated_human":3,"skinwalker_overhaul:skinwalker_overhaul":2,"mutationcraft:necroptor":1,"minecraft:pillager":1,"jacky:jacky":3,"mutationcraft:assimilated_cow":1,"mutationcraft:assimilated_roamer":1,"decayingmobsbackport:limb_snatcher":1},"minecraft:custom":{"minecraft:interact_with_furnace":86,"minecraft:mob_kills":7,"minecraft:interact_with_crafting_table":34,"minecraft:leave_game":1,"minecraft:time_since_death":11903,"minecraft:sleep_in_bed":9,"minecraft:climb_one_cm":968,"minecraft:time_since_rest":12021,"minecraft:sprint_one_cm":624886,"minecraft:damage_taken":4483,"minecraft:walk_one_cm":730918,"minecraft:drop":131,"minecraft:damage_dealt":2453,"minecraft:swim_one_cm":14298,"minecraft:fly_one_cm":105342,"minecraft:open_chest":22,"minecraft:crouch_one_cm":31263,"minecraft:play_time":229899,"minecraft:deaths":14,"minecraft:sneak_time":9144,"minecraft:walk_under_water_one_cm":16089,"minecraft:jump":1666,"minecraft:walk_on_water_one_cm":26261,"minecraft:total_world_time":229899,"minecraft:fall_one_cm":25306,"minecraft:horse_one_cm":127366},"minecraft:picked_up":{"minecraft:birch_log":21,"minecraft:crafting_table":7,"minecraft:wheat":8,"minecraft:azure_bluet":3,"minecraft:leather_leggings":2,"minecraft:black_bed":3,"minecraft:leather":25,"minecraft:smithing_table":5,"minecraft:wooden_pickaxe":5,"minecraft:oak_log":148,"gravestone:obituary":4,"minecraft:brewing_stand":4,"minecraft:cornflower":23,"minecraft:dirt":7037,"minecraft:white_banner":2,"minecraft:leather_boots":4,"minecraft:glass":22,"minecraft:bone":4,"minecraft:apple":14,"mutationcraft:metal_armor_leggings":7,"minecraft:wheat_seeds":88,"minecraft:beef":17,"minecraft:stone_pickaxe":13,"minecraft:poppy":2,"createarmory:nine_mm_casing":66,"minecraft:chest":2,"minecraft:birch_sapling":5,"minecraft:oak_planks":448,"minecraft:furnace":3,"minecraft:egg":2,"minecraft:pink_bed":3,"mutationcraft:necroptor_membrane":5,"minecraft:stick":20,"minecraft:raw_iron":6,"minecraft:torch":42,"minecraft:dandelion":61,"minecraft:gravel":3,"mutationcraft:putrid_claw":67,"minecraft:sand":916,"minecraft:white_bed":3,"minecraft:leather_helmet":6,"minecraft:stone_sword":9,"minecraft:stone_shovel":13,"minecraft:diamond":1,"minecraft:stone_axe":6,"minecraft:hay_block":52,"minecraft:crossbow":1,"minecraft:bread":248,"minecraft:oak_sapling":10,"mutationcraft:putrid_heart":1,"minecraft:coal":235,"minecraft:cobblestone":443,"minecraft:oxeye_daisy":7},"minecraft:mined":{"minecraft:smithing_table":1,"minecraft:white_bed":1,"minecraft:pink_bed":2,"minecraft:dandelion":2,"minecraft:brewing_stand":1,"minecraft:cornflower":1,"minecraft:crafting_table":6,"minecraft:torch":1,"gravestone:gravestone":2,"minecraft:grass_block":2427,"minecraft:chest":2,"minecraft:tall_grass":12,"minecraft:cobblestone":52,"minecraft:glass":1,"minecraft:oak_planks":8,"minecraft:hay_block":52,"minecraft:furnace":3,"minecraft:birch_log":18,"minecraft:iron_ore":2,"minecraft:fire":1,"minecraft:birch_leaves":1,"minecraft:black_bed":3,"minecraft:white_wall_banner":1,"minecraft:grass":81,"minecraft:coal_ore":24,"minecraft:oak_log":74,"minecraft:dirt_path":1,"minecraft:sand":746,"minecraft:dirt":1532,"minecraft:stone":99,"minecraft:oak_leaves":49}},"DataVersion":3120}