{"stats":{"minecraft:custom":{"minecraft:mob_kills":3,"minecraft:interact_with_crafting_table":13,"minecraft:time_since_death":32524,"minecraft:sleep_in_bed":1,"minecraft:time_since_rest":32579,"minecraft:sprint_one_cm":186356,"minecraft:damage_taken":2455,"minecraft:walk_one_cm":259200,"minecraft:drop":72,"minecraft:damage_dealt":1307,"minecraft:fly_one_cm":32225,"minecraft:crouch_one_cm":3712,"minecraft:play_time":81444,"minecraft:deaths":9,"minecraft:sneak_time":2980,"minecraft:jump":663,"minecraft:total_world_time":81444,"minecraft:fall_one_cm":12333},"minecraft:used":{"minecraft:stone_sword":82,"minecraft:stone_shovel":948,"minecraft:stone_pickaxe":50,"minecraft:oak_planks":15,"minecraft:wooden_pickaxe":9,"minecraft:dirt":781,"minecraft:crafting_table":6,"minecraft:apple":1,"minecraft:stone_axe":40,"minecraft:pink_bed":2,"mutationcraft:putrid_claw":1,"minecraft:birch_log":3,"minecraft:egg":1},"minecraft:killed":{"decayingmobsbackport:half_pig":1,"decayingmobsbackport:hunted_zombie":1,"mutationcraft:necroptor":1,"mutationcraft:assimilated_roamer":1,"mutationcraft:assimilated_cow":1},"minecraft:mined":{"minecraft:pink_bed":1,"minecraft:dandelion":2,"minecraft:crafting_table":5,"minecraft:cornflower":1,"minecraft:grass_block":799,"minecraft:cobblestone":6,"minecraft:tall_grass":6,"minecraft:oak_planks":5,"minecraft:birch_log":18,"minecraft:iron_ore":2,"minecraft:fire":1,"minecraft:birch_leaves":1,"minecraft:grass":69,"minecraft:oak_log":46,"minecraft:coal_ore":24,"minecraft:dirt":182,"minecraft:stone":19,"minecraft:oak_leaves":37},"minecraft:picked_up":{"minecraft:birch_log":21,"minecraft:crafting_table":5,"minecraft:azure_bluet":3,"minecraft:leather":11,"minecraft:wooden_pickaxe":5,"minecraft:oak_log":111,"minecraft:cornflower":17,"minecraft:dirt":1359,"minecraft:bone":2,"minecraft:apple":12,"mutationcraft:metal_armor_leggings":3,"minecraft:wheat_seeds":47,"minecraft:beef":15,"minecraft:stone_pickaxe":6,"minecraft:poppy":1,"createarmory:nine_mm_casing":48,"minecraft:birch_sapling":5,"minecraft:oak_planks":228,"minecraft:egg":2,"minecraft:raw_iron":2,"minecraft:pink_bed":2,"minecraft:stick":8,"mutationcraft:necroptor_membrane":4,"minecraft:dandelion":22,"mutationcraft:putrid_claw":54,"minecraft:stone_sword":5,"minecraft:stone_shovel":6,"minecraft:stone_axe":6,"minecraft:oak_sapling":2,"mutationcraft:putrid_heart":1,"minecraft:coal":144,"minecraft:cobblestone":79,"minecraft:oxeye_daisy":3},"minecraft:dropped":{"minecraft:cobblestone":10,"minecraft:azure_bluet":3,"minecraft:dirt":130,"minecraft:wooden_pickaxe":1,"minecraft:stone_pickaxe":1},"minecraft:broken":{"minecraft:stone_shovel":7},"minecraft:crafted":{"minecraft:oak_planks":32,"minecraft:stone_shovel":11,"minecraft:crafting_table":2,"minecraft:wooden_pickaxe":1,"minecraft:stone_axe":1,"minecraft:stick":38,"minecraft:stone_pickaxe":1,"minecraft:stone_sword":1},"minecraft:killed_by":{"mutationcraft:assimilated_human":3,"skinwalker_overhaul:skinwalker_overhaul":2,"mutationcraft:necroptor":1,"mutationcraft:assimilated_cow":1,"decayingmobsbackport:limb_snatcher":1}},"DataVersion":3120}