{"stats":{"minecraft:mined":{"minecraft:spruce_planks":6,"minecraft:white_bed":1,"minecraft:pink_bed":4,"minecraft:brewing_stand":1,"gravestone:gravestone":4,"minecraft:granite":22,"minecraft:grass_block":2580,"minecraft:spruce_leaves":12,"minecraft:hay_block":52,"minecraft:furnace":7,"minecraft:iron_ore":2,"minecraft:cobbled_deepslate":1,"minecraft:fire":1,"minecraft:dirt_path":1,"minecraft:stone":732,"minecraft:smithing_table":1,"minecraft:dandelion":2,"minecraft:crafting_table":7,"minecraft:cornflower":2,"minecraft:torch":1,"minecraft:chest":4,"minecraft:glass":4,"minecraft:tall_grass":27,"minecraft:copper_ore":10,"minecraft:cobblestone":70,"minecraft:oak_planks":26,"minecraft:spruce_stairs":1,"minecraft:birch_log":55,"minecraft:sweet_berry_bush":12,"minecraft:spruce_log":78,"minecraft:birch_leaves":3,"minecraft:black_bed":5,"minecraft:white_wall_banner":2,"minecraft:grass":107,"minecraft:oak_log":265,"minecraft:coal_ore":43,"minecraft:gravel":7,"minecraft:sand":746,"minecraft:dirt":2061,"minecraft:oak_leaves":79,"minecraft:fern":1},"minecraft:used":{"minecraft:stone_sword":238,"minecraft:stone_shovel":2761,"minecraft:spruce_planks":364,"minecraft:chest":7,"minecraft:oak_door":8,"minecraft:torch":33,"minecraft:dirt":1319,"minecraft:spruce_stairs":25,"minecraft:glass":1030,"minecraft:grass_block":81,"minecraft:iron_axe":245,"minecraft:oak_stairs":47,"mutationcraft:putrid_claw":1,"minecraft:furnace":10,"minecraft:egg":1,"minecraft:stone_pickaxe":185,"minecraft:oak_planks":1797,"minecraft:wooden_pickaxe":9,"minecraft:sand":16,"minecraft:crafting_table":7,"minecraft:white_bed":1,"minecraft:black_bed":4,"justhammers:iron_hammer":163,"minecraft:diamond_pickaxe":732,"minecraft:apple":1,"minecraft:diamond_shovel":2509,"minecraft:bread":29,"minecraft:spruce_sapling":3,"minecraft:gravel":2,"justhammers:stone_hammer":103,"minecraft:stone_axe":221,"minecraft:pink_bed":5,"minecraft:cobblestone":62,"minecraft:white_banner":2,"minecraft:birch_log":3},"minecraft:killed":{"decayingmobsbackport:hunted_zombie":3,"mutationcraft:necroptor":2,"minecraft:chicken":2,"mutationcraft:assimilated_roamer":1,"mutationcraft:assimilated_spider":1,"decayingmobsbackport:half_pig":5,"minecraft:sheep":4,"minecraft:pillager":3,"minecraft:cow":2,"mutationcraft:assimilated_cow":2},"minecraft:killed_by":{"minecraft:pillager":1,"jacky:jacky":4,"mutationcraft:assimilated_cow":1,"decayingmobsbackport:limb_snatcher":1,"mutationcraft:assimilated_human":3,"skinwalker_overhaul:skinwalker_overhaul":3,"mutationcraft:necroptor":1,"mutationcraft:assimilated_roamer":1},"minecraft:picked_up":{"minecraft:crafting_table":8,"minecraft:wheat":10,"minecraft:azure_bluet":4,"minecraft:chicken":2,"minecraft:leather_leggings":2,"minecraft:smithing_table":5,"minecraft:wooden_pickaxe":5,"gravestone:obituary":18,"minecraft:brewing_stand":4,"minecraft:cornflower":29,"minecraft:raw_copper":37,"minecraft:iron_axe":1,"minecraft:cobbled_deepslate":1,"minecraft:spruce_planks":6,"minecraft:beef":21,"createarmory:nine_mm_casing":84,"minecraft:poppy":3,"minecraft:chest":4,"minecraft:birch_sapling":5,"minecraft:egg":3,"minecraft:furnace":7,"minecraft:raw_iron":6,"minecraft:stick":27,"mutationcraft:necroptor_membrane":6,"minecraft:oak_door":1,"minecraft:torch":65,"minecraft:spruce_stairs":1,"mutationcraft:putrid_claw":85,"minecraft:stone_sword":10,"minecraft:diamond_chestplate":1,"minecraft:stone_shovel":13,"minecraft:hay_block":52,"minecraft:mutton":6,"mutationcraft:putrid_heart":1,"minecraft:white_wool":3,"minecraft:cobblestone":1632,"minecraft:oxeye_daisy":11,"minecraft:birch_log":58,"minecraft:feather":4,"minecraft:black_bed":4,"minecraft:leather":30,"minecraft:flint":1,"minecraft:oak_log":357,"minecraft:dirt":10054,"minecraft:white_banner":3,"minecraft:leather_boots":4,"minecraft:glass":22,"minecraft:bone":5,"mutationcraft:metal_armor_leggings":7,"minecraft:apple":17,"minecraft:wheat_seeds":128,"minecraft:iron_ingot":9,"minecraft:stone_pickaxe":13,"minecraft:oak_planks":495,"minecraft:pink_bed":5,"minecraft:sweet_berries":31,"minecraft:dandelion":74,"minecraft:gravel":14,"justhammers:iron_hammer":1,"minecraft:sand":923,"justhammers:stone_hammer":1,"minecraft:spruce_sapling":5,"minecraft:white_bed":3,"minecraft:spruce_log":78,"minecraft:leather_helmet":6,"minecraft:diamond":1,"minecraft:stone_axe":6,"minecraft:crossbow":2,"minecraft:granite":21,"minecraft:gray_wool":1,"minecraft:bread":248,"minecraft:oak_sapling":35,"minecraft:coal":308},"minecraft:broken":{"minecraft:leather_helmet":1,"justhammers:iron_hammer":1,"minecraft:stone_pickaxe":1,"justhammers:stone_hammer":1,"minecraft:diamond_shovel":1,"minecraft:iron_axe":1,"minecraft:stone_axe":1,"minecraft:stone_shovel":21},"minecraft:custom":{"minecraft:mob_kills":23,"minecraft:interact_with_crafting_table":41,"minecraft:leave_game":2,"minecraft:time_since_death":88265,"minecraft:climb_one_cm":968,"minecraft:sprint_one_cm":1075889,"minecraft:walk_one_cm":1265330,"minecraft:drop":154,"minecraft:play_time":370747,"minecraft:deaths":16,"minecraft:sneak_time":10946,"minecraft:walk_under_water_one_cm":16577,"minecraft:jump":2404,"minecraft:walk_on_water_one_cm":27215,"minecraft:total_world_time":370747,"minecraft:interact_with_furnace":94,"minecraft:sleep_in_bed":13,"minecraft:time_since_rest":88307,"minecraft:damage_taken":5460,"minecraft:damage_dealt":4347,"minecraft:swim_one_cm":14298,"minecraft:fly_one_cm":175907,"minecraft:open_chest":34,"minecraft:crouch_one_cm":34889,"minecraft:fall_one_cm":33991,"minecraft:horse_one_cm":127366},"minecraft:dropped":{"minecraft:cobblestone":80,"minecraft:leather_helmet":1,"minecraft:dirt":130,"gravestone:obituary":20,"minecraft:sand":4,"minecraft:dandelion":26,"minecraft:gravel":10,"minecraft:stone_sword":1,"minecraft:oak_planks":14,"minecraft:azure_bluet":3,"minecraft:leather_leggings":1,"minecraft:wooden_pickaxe":1,"minecraft:stone_pickaxe":5,"minecraft:glass":43},"minecraft:crafted":{"minecraft:oak_planks":908,"minecraft:stone_shovel":23,"minecraft:furnace":3,"minecraft:diamond_shovel":1,"minecraft:glass":630,"minecraft:spruce_stairs":24,"minecraft:stone_pickaxe":3,"minecraft:chest":3,"minecraft:wheat":405,"minecraft:crafting_table":2,"minecraft:spruce_planks":312,"minecraft:wooden_pickaxe":1,"minecraft:stone_axe":3,"minecraft:bread":133,"minecraft:stick":74,"minecraft:oak_stairs":20,"minecraft:stone_sword":1}},"DataVersion":3120}