{"stats":{"minecraft:custom":{"minecraft:mob_kills":3,"minecraft:interact_with_crafting_table":12,"minecraft:time_since_death":8524,"minecraft:sleep_in_bed":1,"minecraft:time_since_rest":8579,"minecraft:sprint_one_cm":116843,"minecraft:damage_taken":2305,"minecraft:walk_one_cm":199131,"minecraft:drop":68,"minecraft:damage_dealt":1296,"minecraft:fly_one_cm":20639,"minecraft:crouch_one_cm":3533,"minecraft:play_time":57444,"minecraft:deaths":9,"minecraft:sneak_time":2690,"minecraft:jump":425,"minecraft:total_world_time":57444,"minecraft:fall_one_cm":7412},"minecraft:used":{"minecraft:stone_sword":82,"minecraft:stone_shovel":545,"minecraft:stone_pickaxe":41,"minecraft:oak_planks":15,"minecraft:wooden_pickaxe":9,"minecraft:dirt":334,"minecraft:crafting_table":6,"minecraft:apple":1,"minecraft:stone_axe":29,"minecraft:pink_bed":2,"mutationcraft:putrid_claw":1,"minecraft:birch_log":3,"minecraft:egg":1},"minecraft:killed":{"decayingmobsbackport:half_pig":1,"decayingmobsbackport:hunted_zombie":1,"mutationcraft:necroptor":1,"mutationcraft:assimilated_roamer":1,"mutationcraft:assimilated_cow":1},"minecraft:mined":{"minecraft:pink_bed":1,"minecraft:dandelion":2,"minecraft:crafting_table":5,"minecraft:cornflower":1,"minecraft:grass_block":509,"minecraft:cobblestone":1,"minecraft:tall_grass":6,"minecraft:oak_planks":5,"minecraft:birch_log":18,"minecraft:fire":1,"minecraft:birch_leaves":1,"minecraft:grass":54,"minecraft:oak_log":37,"minecraft:coal_ore":24,"minecraft:dirt":70,"minecraft:stone":18,"minecraft:oak_leaves":35},"minecraft:picked_up":{"minecraft:birch_log":21,"minecraft:crafting_table":5,"minecraft:leather":11,"minecraft:wooden_pickaxe":5,"minecraft:oak_log":102,"minecraft:cornflower":14,"minecraft:dirt":892,"minecraft:bone":2,"minecraft:apple":12,"mutationcraft:metal_armor_leggings":3,"minecraft:wheat_seeds":37,"minecraft:beef":15,"minecraft:stone_pickaxe":6,"createarmory:nine_mm_casing":48,"minecraft:birch_sapling":5,"minecraft:oak_planks":228,"minecraft:egg":2,"minecraft:pink_bed":2,"minecraft:stick":7,"mutationcraft:necroptor_membrane":4,"minecraft:dandelion":12,"mutationcraft:putrid_claw":54,"minecraft:stone_sword":5,"minecraft:stone_shovel":6,"minecraft:stone_axe":6,"minecraft:oak_sapling":2,"mutationcraft:putrid_heart":1,"minecraft:coal":144,"minecraft:cobblestone":64},"minecraft:dropped":{"minecraft:dirt":130,"minecraft:stone_pickaxe":1},"minecraft:broken":{"minecraft:stone_shovel":4},"minecraft:crafted":{"minecraft:oak_planks":32,"minecraft:stone_shovel":6,"minecraft:crafting_table":2,"minecraft:wooden_pickaxe":1,"minecraft:stone_axe":1,"minecraft:stick":20,"minecraft:stone_pickaxe":1,"minecraft:stone_sword":1},"minecraft:killed_by":{"mutationcraft:assimilated_human":3,"skinwalker_overhaul:skinwalker_overhaul":2,"mutationcraft:necroptor":1,"mutationcraft:assimilated_cow":1,"decayingmobsbackport:limb_snatcher":1}},"DataVersion":3120}