{"stats":{"minecraft:custom":{"minecraft:time_since_rest":4431,"minecraft:sprint_one_cm":56170,"minecraft:damage_taken":1330,"minecraft:walk_one_cm":88331,"minecraft:mob_kills":2,"minecraft:drop":3,"minecraft:damage_dealt":655,"minecraft:interact_with_crafting_table":6,"minecraft:fly_one_cm":11486,"minecraft:crouch_one_cm":2714,"minecraft:play_time":33444,"minecraft:deaths":5,"minecraft:sneak_time":1479,"minecraft:jump":267,"minecraft:time_since_death":4377,"minecraft:total_world_time":33444,"minecraft:fall_one_cm":5797},"minecraft:used":{"minecraft:stone_sword":9,"minecraft:stone_pickaxe":40,"minecraft:oak_planks":15,"minecraft:wooden_pickaxe":9,"minecraft:stone_axe":29,"minecraft:dirt":50,"mutationcraft:putrid_claw":1,"minecraft:crafting_table":5,"minecraft:birch_log":3,"minecraft:egg":1},"minecraft:mined":{"minecraft:birch_log":18,"minecraft:fire":1,"minecraft:birch_leaves":1,"minecraft:crafting_table":5,"minecraft:grass":12,"minecraft:coal_ore":24,"minecraft:grass_block":26,"minecraft:oak_log":37,"minecraft:dirt":32,"minecraft:tall_grass":4,"minecraft:stone":18,"minecraft:oak_planks":5,"minecraft:oak_leaves":34},"minecraft:killed":{"decayingmobsbackport:hunted_zombie":1,"mutationcraft:assimilated_roamer":1,"decayingmobsbackport:half_pig":1,"mutationcraft:assimilated_cow":1},"minecraft:picked_up":{"minecraft:birch_log":16,"minecraft:pink_bed":1,"minecraft:stick":3,"minecraft:crafting_table":5,"minecraft:leather":1,"minecraft:wooden_pickaxe":1,"mutationcraft:putrid_claw":10,"minecraft:oak_log":50,"minecraft:dirt":61,"minecraft:stone_sword":1,"minecraft:apple":3,"minecraft:beef":3,"minecraft:stone_pickaxe":2,"createarmory:nine_mm_casing":22,"minecraft:oak_sapling":2,"minecraft:coal":48,"minecraft:birch_sapling":2,"minecraft:oak_planks":13,"mutationcraft:putrid_heart":1,"minecraft:cobblestone":31,"minecraft:egg":2},"minecraft:dropped":{"minecraft:dirt":2,"minecraft:stone_pickaxe":1},"minecraft:crafted":{"minecraft:oak_planks":32,"minecraft:crafting_table":2,"minecraft:stick":8,"minecraft:wooden_pickaxe":1,"minecraft:stone_pickaxe":1,"minecraft:stone_sword":1,"minecraft:stone_axe":1},"minecraft:killed_by":{"skinwalker_overhaul:skinwalker_overhaul":2,"mutationcraft:assimilated_cow":1,"mutationcraft:necroptor":1}},"DataVersion":3120}