{"stats":{"minecraft:mined":{"minecraft:spruce_planks":4,"minecraft:white_bed":1,"minecraft:pink_bed":4,"minecraft:brewing_stand":1,"gravestone:gravestone":4,"minecraft:granite":18,"minecraft:grass_block":2579,"minecraft:hay_block":52,"minecraft:furnace":7,"minecraft:iron_ore":2,"minecraft:cobbled_deepslate":1,"minecraft:fire":1,"minecraft:dirt_path":1,"minecraft:stone":379,"minecraft:smithing_table":1,"minecraft:dandelion":2,"minecraft:crafting_table":7,"minecraft:cornflower":2,"minecraft:torch":1,"minecraft:chest":4,"minecraft:glass":4,"minecraft:tall_grass":27,"minecraft:copper_ore":3,"minecraft:cobblestone":67,"minecraft:oak_planks":23,"minecraft:birch_log":43,"minecraft:sweet_berry_bush":12,"minecraft:spruce_log":31,"minecraft:birch_leaves":1,"minecraft:black_bed":5,"minecraft:white_wall_banner":2,"minecraft:grass":107,"minecraft:oak_log":215,"minecraft:coal_ore":43,"minecraft:sand":746,"minecraft:dirt":1891,"minecraft:oak_leaves":75,"minecraft:fern":1},"minecraft:used":{"minecraft:stone_sword":238,"minecraft:stone_shovel":2761,"minecraft:spruce_planks":102,"minecraft:chest":7,"minecraft:oak_door":2,"minecraft:torch":27,"minecraft:dirt":1309,"minecraft:glass":1018,"minecraft:iron_axe":245,"minecraft:oak_stairs":12,"mutationcraft:putrid_claw":1,"minecraft:furnace":10,"minecraft:egg":1,"minecraft:stone_pickaxe":185,"minecraft:oak_planks":394,"minecraft:wooden_pickaxe":9,"minecraft:sand":16,"minecraft:crafting_table":7,"minecraft:white_bed":1,"minecraft:black_bed":4,"justhammers:iron_hammer":163,"minecraft:diamond_pickaxe":364,"minecraft:apple":1,"minecraft:diamond_shovel":2346,"minecraft:bread":29,"minecraft:spruce_sapling":3,"minecraft:gravel":2,"justhammers:stone_hammer":103,"minecraft:stone_axe":82,"minecraft:pink_bed":5,"minecraft:cobblestone":61,"minecraft:white_banner":2,"minecraft:birch_log":3},"minecraft:killed":{"decayingmobsbackport:hunted_zombie":3,"mutationcraft:necroptor":2,"mutationcraft:assimilated_roamer":1,"mutationcraft:assimilated_spider":1,"decayingmobsbackport:half_pig":3,"minecraft:sheep":3,"minecraft:pillager":3,"minecraft:cow":2,"mutationcraft:assimilated_cow":2},"minecraft:killed_by":{"minecraft:pillager":1,"jacky:jacky":4,"mutationcraft:assimilated_cow":1,"decayingmobsbackport:limb_snatcher":1,"mutationcraft:assimilated_human":3,"skinwalker_overhaul:skinwalker_overhaul":3,"mutationcraft:necroptor":1,"mutationcraft:assimilated_roamer":1},"minecraft:picked_up":{"minecraft:crafting_table":8,"minecraft:wheat":10,"minecraft:azure_bluet":3,"minecraft:leather_leggings":2,"minecraft:smithing_table":5,"minecraft:wooden_pickaxe":5,"gravestone:obituary":16,"minecraft:brewing_stand":4,"minecraft:cornflower":29,"minecraft:raw_copper":7,"minecraft:iron_axe":1,"minecraft:cobbled_deepslate":1,"minecraft:spruce_planks":4,"minecraft:beef":21,"createarmory:nine_mm_casing":84,"minecraft:poppy":3,"minecraft:chest":4,"minecraft:birch_sapling":5,"minecraft:egg":3,"minecraft:furnace":7,"minecraft:raw_iron":6,"minecraft:stick":27,"mutationcraft:necroptor_membrane":6,"minecraft:torch":51,"mutationcraft:putrid_claw":85,"minecraft:stone_sword":10,"minecraft:stone_shovel":13,"minecraft:hay_block":52,"minecraft:mutton":5,"mutationcraft:putrid_heart":1,"minecraft:white_wool":2,"minecraft:cobblestone":1289,"minecraft:oxeye_daisy":10,"minecraft:birch_log":46,"minecraft:black_bed":4,"minecraft:leather":30,"minecraft:oak_log":289,"minecraft:dirt":9899,"minecraft:white_banner":3,"minecraft:leather_boots":4,"minecraft:glass":22,"minecraft:bone":5,"mutationcraft:metal_armor_leggings":7,"minecraft:apple":17,"minecraft:wheat_seeds":120,"minecraft:stone_pickaxe":13,"minecraft:oak_planks":493,"minecraft:pink_bed":5,"minecraft:sweet_berries":31,"minecraft:dandelion":74,"minecraft:gravel":3,"justhammers:iron_hammer":1,"minecraft:sand":923,"justhammers:stone_hammer":1,"minecraft:spruce_sapling":3,"minecraft:white_bed":3,"minecraft:spruce_log":31,"minecraft:leather_helmet":6,"minecraft:diamond":1,"minecraft:stone_axe":6,"minecraft:crossbow":2,"minecraft:granite":17,"minecraft:gray_wool":1,"minecraft:bread":248,"minecraft:oak_sapling":34,"minecraft:coal":308},"minecraft:broken":{"minecraft:leather_helmet":1,"justhammers:iron_hammer":1,"minecraft:stone_pickaxe":1,"justhammers:stone_hammer":1,"minecraft:diamond_shovel":1,"minecraft:iron_axe":1,"minecraft:stone_shovel":21},"minecraft:custom":{"minecraft:mob_kills":18,"minecraft:interact_with_crafting_table":38,"minecraft:leave_game":1,"minecraft:time_since_death":24953,"minecraft:climb_one_cm":968,"minecraft:sprint_one_cm":937344,"minecraft:walk_one_cm":1020896,"minecraft:drop":149,"minecraft:play_time":307435,"minecraft:deaths":16,"minecraft:sneak_time":10734,"minecraft:walk_under_water_one_cm":16577,"minecraft:jump":2157,"minecraft:walk_on_water_one_cm":27215,"minecraft:total_world_time":307435,"minecraft:interact_with_furnace":92,"minecraft:sleep_in_bed":13,"minecraft:time_since_rest":24995,"minecraft:damage_taken":5460,"minecraft:damage_dealt":4087,"minecraft:swim_one_cm":14298,"minecraft:fly_one_cm":132996,"minecraft:open_chest":34,"minecraft:crouch_one_cm":33667,"minecraft:fall_one_cm":33306,"minecraft:horse_one_cm":127366},"minecraft:dropped":{"minecraft:cobblestone":80,"minecraft:leather_helmet":1,"minecraft:dirt":130,"gravestone:obituary":17,"minecraft:sand":4,"minecraft:dandelion":26,"minecraft:stone_sword":1,"minecraft:oak_planks":14,"minecraft:azure_bluet":3,"minecraft:leather_leggings":1,"minecraft:wooden_pickaxe":1,"minecraft:stone_pickaxe":5,"minecraft:glass":43},"minecraft:crafted":{"minecraft:oak_planks":708,"minecraft:stone_shovel":23,"minecraft:furnace":3,"minecraft:diamond_shovel":1,"minecraft:glass":630,"minecraft:stone_pickaxe":3,"minecraft:chest":3,"minecraft:wheat":405,"minecraft:crafting_table":2,"minecraft:spruce_planks":124,"minecraft:wooden_pickaxe":1,"minecraft:stone_axe":1,"minecraft:bread":133,"minecraft:stick":70,"minecraft:oak_stairs":20,"minecraft:stone_sword":1}},"DataVersion":3120}