{"stats":{"minecraft:custom":{"minecraft:interact_with_furnace":64,"minecraft:mob_kills":3,"minecraft:interact_with_crafting_table":34,"minecraft:time_since_death":73191,"minecraft:sleep_in_bed":6,"minecraft:climb_one_cm":968,"minecraft:time_since_rest":14228,"minecraft:sprint_one_cm":455379,"minecraft:damage_taken":3116,"minecraft:walk_one_cm":595517,"minecraft:drop":79,"minecraft:damage_dealt":1471,"minecraft:swim_one_cm":8547,"minecraft:fly_one_cm":55300,"minecraft:open_chest":18,"minecraft:crouch_one_cm":29583,"minecraft:play_time":183444,"minecraft:deaths":11,"minecraft:sneak_time":8498,"minecraft:walk_under_water_one_cm":7430,"minecraft:jump":1282,"minecraft:walk_on_water_one_cm":18238,"minecraft:total_world_time":183444,"minecraft:fall_one_cm":19816,"minecraft:horse_one_cm":127366},"minecraft:used":{"minecraft:stone_sword":82,"minecraft:stone_shovel":2722,"minecraft:stone_pickaxe":182,"minecraft:oak_planks":18,"minecraft:chest":2,"minecraft:wooden_pickaxe":9,"minecraft:torch":3,"minecraft:sand":14,"minecraft:dirt":1014,"minecraft:crafting_table":6,"minecraft:white_bed":1,"minecraft:black_bed":1,"minecraft:glass":461,"minecraft:apple":1,"minecraft:diamond_shovel":1565,"minecraft:bread":4,"minecraft:stone_axe":82,"minecraft:pink_bed":3,"minecraft:cobblestone":6,"mutationcraft:putrid_claw":1,"minecraft:furnace":3,"minecraft:birch_log":3,"minecraft:egg":1},"minecraft:killed":{"decayingmobsbackport:half_pig":1,"decayingmobsbackport:hunted_zombie":1,"mutationcraft:necroptor":1,"mutationcraft:assimilated_roamer":1,"mutationcraft:assimilated_cow":1},"minecraft:mined":{"minecraft:smithing_table":1,"minecraft:white_bed":1,"minecraft:pink_bed":2,"minecraft:dandelion":2,"minecraft:brewing_stand":1,"minecraft:crafting_table":5,"minecraft:cornflower":1,"minecraft:torch":1,"minecraft:grass_block":2398,"minecraft:glass":1,"minecraft:cobblestone":52,"minecraft:tall_grass":10,"minecraft:oak_planks":5,"minecraft:hay_block":52,"minecraft:birch_log":18,"minecraft:iron_ore":2,"minecraft:fire":1,"minecraft:birch_leaves":1,"minecraft:black_bed":1,"minecraft:grass":79,"minecraft:oak_log":74,"minecraft:coal_ore":24,"minecraft:dirt_path":1,"minecraft:sand":495,"minecraft:dirt":1466,"minecraft:stone":98,"minecraft:oak_leaves":49},"minecraft:picked_up":{"minecraft:birch_log":21,"minecraft:crafting_table":5,"minecraft:wheat":4,"minecraft:azure_bluet":3,"minecraft:leather_leggings":2,"minecraft:black_bed":1,"minecraft:leather":15,"minecraft:smithing_table":3,"minecraft:wooden_pickaxe":5,"minecraft:oak_log":142,"minecraft:brewing_stand":3,"minecraft:cornflower":17,"minecraft:dirt":4239,"minecraft:leather_boots":2,"minecraft:bone":2,"minecraft:apple":12,"mutationcraft:metal_armor_leggings":5,"minecraft:wheat_seeds":54,"minecraft:beef":15,"minecraft:stone_pickaxe":11,"minecraft:poppy":1,"createarmory:nine_mm_casing":48,"minecraft:birch_sapling":5,"minecraft:oak_planks":228,"minecraft:egg":2,"minecraft:raw_iron":2,"minecraft:pink_bed":3,"minecraft:stick":16,"mutationcraft:necroptor_membrane":4,"minecraft:torch":15,"minecraft:dandelion":22,"mutationcraft:putrid_claw":54,"minecraft:sand":669,"minecraft:white_bed":3,"minecraft:leather_helmet":4,"minecraft:stone_sword":7,"minecraft:stone_shovel":9,"minecraft:diamond":1,"minecraft:stone_axe":6,"minecraft:hay_block":52,"minecraft:bread":128,"minecraft:oak_sapling":6,"mutationcraft:putrid_heart":1,"minecraft:coal":207,"minecraft:cobblestone":214,"minecraft:oxeye_daisy":3},"minecraft:dropped":{"minecraft:cobblestone":68,"minecraft:azure_bluet":3,"minecraft:leather_helmet":1,"minecraft:dirt":130,"minecraft:leather_leggings":1,"minecraft:wooden_pickaxe":1,"minecraft:stone_pickaxe":5},"minecraft:broken":{"minecraft:stone_pickaxe":1,"minecraft:diamond_shovel":1,"minecraft:stone_shovel":20},"minecraft:crafted":{"minecraft:oak_planks":132,"minecraft:stone_shovel":23,"minecraft:crafting_table":2,"minecraft:wooden_pickaxe":1,"minecraft:furnace":3,"minecraft:diamond_shovel":1,"minecraft:stone_axe":1,"minecraft:bread":133,"minecraft:glass":461,"minecraft:stick":70,"minecraft:stone_pickaxe":3,"minecraft:stone_sword":1,"minecraft:chest":2,"minecraft:wheat":405},"minecraft:killed_by":{"mutationcraft:assimilated_human":3,"skinwalker_overhaul:skinwalker_overhaul":2,"mutationcraft:necroptor":1,"jacky:jacky":1,"mutationcraft:assimilated_roamer":1,"mutationcraft:assimilated_cow":1,"decayingmobsbackport:limb_snatcher":1}},"DataVersion":3120}