{"stats":{"minecraft:custom":{"minecraft:mob_kills":3,"minecraft:interact_with_crafting_table":16,"minecraft:time_since_death":56524,"minecraft:sleep_in_bed":1,"minecraft:climb_one_cm":968,"minecraft:time_since_rest":56579,"minecraft:sprint_one_cm":302989,"minecraft:damage_taken":2455,"minecraft:walk_one_cm":325183,"minecraft:drop":73,"minecraft:damage_dealt":1397,"minecraft:swim_one_cm":8547,"minecraft:fly_one_cm":44509,"minecraft:open_chest":4,"minecraft:crouch_one_cm":4051,"minecraft:play_time":105444,"minecraft:deaths":9,"minecraft:sneak_time":3239,"minecraft:walk_under_water_one_cm":5299,"minecraft:jump":841,"minecraft:walk_on_water_one_cm":7095,"minecraft:total_world_time":105444,"minecraft:fall_one_cm":13347,"minecraft:horse_one_cm":25270},"minecraft:used":{"minecraft:stone_sword":82,"minecraft:stone_shovel":1281,"minecraft:stone_pickaxe":98,"minecraft:oak_planks":15,"minecraft:chest":1,"minecraft:wooden_pickaxe":9,"minecraft:sand":3,"minecraft:dirt":855,"minecraft:crafting_table":6,"minecraft:apple":1,"minecraft:stone_axe":82,"minecraft:pink_bed":2,"mutationcraft:putrid_claw":1,"minecraft:birch_log":3,"minecraft:egg":1},"minecraft:killed":{"decayingmobsbackport:half_pig":1,"decayingmobsbackport:hunted_zombie":1,"mutationcraft:necroptor":1,"mutationcraft:assimilated_roamer":1,"mutationcraft:assimilated_cow":1},"minecraft:mined":{"minecraft:smithing_table":1,"minecraft:white_bed":1,"minecraft:pink_bed":1,"minecraft:dandelion":2,"minecraft:brewing_stand":1,"minecraft:crafting_table":5,"minecraft:cornflower":1,"minecraft:grass_block":960,"minecraft:cobblestone":50,"minecraft:tall_grass":6,"minecraft:oak_planks":5,"minecraft:hay_block":52,"minecraft:birch_log":18,"minecraft:iron_ore":2,"minecraft:fire":1,"minecraft:birch_leaves":1,"minecraft:grass":75,"minecraft:oak_log":73,"minecraft:coal_ore":24,"minecraft:sand":168,"minecraft:dirt":196,"minecraft:stone":19,"minecraft:oak_leaves":49},"minecraft:picked_up":{"minecraft:birch_log":21,"minecraft:crafting_table":5,"minecraft:azure_bluet":3,"minecraft:leather":11,"minecraft:smithing_table":1,"minecraft:wooden_pickaxe":5,"minecraft:oak_log":138,"minecraft:brewing_stand":1,"minecraft:cornflower":17,"minecraft:dirt":1530,"minecraft:bone":2,"minecraft:apple":12,"mutationcraft:metal_armor_leggings":3,"minecraft:wheat_seeds":49,"minecraft:beef":15,"minecraft:stone_pickaxe":6,"minecraft:poppy":1,"createarmory:nine_mm_casing":48,"minecraft:birch_sapling":5,"minecraft:oak_planks":228,"minecraft:egg":2,"minecraft:raw_iron":2,"minecraft:pink_bed":2,"minecraft:stick":16,"mutationcraft:necroptor_membrane":4,"minecraft:dandelion":22,"mutationcraft:putrid_claw":54,"minecraft:sand":162,"minecraft:white_bed":1,"minecraft:stone_sword":5,"minecraft:stone_shovel":6,"minecraft:stone_axe":6,"minecraft:hay_block":52,"minecraft:oak_sapling":6,"mutationcraft:putrid_heart":1,"minecraft:coal":144,"minecraft:cobblestone":133,"minecraft:oxeye_daisy":3},"minecraft:dropped":{"minecraft:cobblestone":68,"minecraft:azure_bluet":3,"minecraft:dirt":130,"minecraft:wooden_pickaxe":1,"minecraft:stone_pickaxe":1},"minecraft:broken":{"minecraft:stone_shovel":10},"minecraft:crafted":{"minecraft:oak_planks":32,"minecraft:stone_shovel":11,"minecraft:crafting_table":2,"minecraft:wooden_pickaxe":1,"minecraft:stone_axe":1,"minecraft:stick":38,"minecraft:stone_pickaxe":1,"minecraft:stone_sword":1,"minecraft:chest":1,"minecraft:wheat":405},"minecraft:killed_by":{"mutationcraft:assimilated_human":3,"skinwalker_overhaul:skinwalker_overhaul":2,"mutationcraft:necroptor":1,"mutationcraft:assimilated_cow":1,"decayingmobsbackport:limb_snatcher":1}},"DataVersion":3120}