{"stats":{"minecraft:custom":{"minecraft:interact_with_furnace":51,"minecraft:mob_kills":3,"minecraft:interact_with_crafting_table":32,"minecraft:time_since_death":43191,"minecraft:sleep_in_bed":3,"minecraft:climb_one_cm":968,"minecraft:time_since_rest":41871,"minecraft:sprint_one_cm":401628,"minecraft:damage_taken":3096,"minecraft:walk_one_cm":466909,"minecraft:drop":79,"minecraft:damage_dealt":1416,"minecraft:swim_one_cm":8547,"minecraft:fly_one_cm":51791,"minecraft:open_chest":11,"minecraft:crouch_one_cm":25909,"minecraft:play_time":153444,"minecraft:deaths":11,"minecraft:sneak_time":7678,"minecraft:walk_under_water_one_cm":6961,"minecraft:jump":1120,"minecraft:walk_on_water_one_cm":8505,"minecraft:total_world_time":153444,"minecraft:fall_one_cm":17782,"minecraft:horse_one_cm":112359},"minecraft:used":{"minecraft:stone_sword":82,"minecraft:stone_shovel":2461,"minecraft:stone_pickaxe":152,"minecraft:oak_planks":15,"minecraft:chest":1,"minecraft:wooden_pickaxe":9,"minecraft:torch":1,"minecraft:sand":12,"minecraft:dirt":1000,"minecraft:crafting_table":6,"minecraft:white_bed":1,"minecraft:glass":240,"minecraft:apple":1,"minecraft:diamond_shovel":364,"minecraft:bread":1,"minecraft:stone_axe":82,"minecraft:pink_bed":2,"mutationcraft:putrid_claw":1,"minecraft:furnace":3,"minecraft:birch_log":3,"minecraft:egg":1},"minecraft:killed":{"decayingmobsbackport:half_pig":1,"decayingmobsbackport:hunted_zombie":1,"mutationcraft:necroptor":1,"mutationcraft:assimilated_roamer":1,"mutationcraft:assimilated_cow":1},"minecraft:mined":{"minecraft:smithing_table":1,"minecraft:white_bed":1,"minecraft:pink_bed":1,"minecraft:dandelion":2,"minecraft:brewing_stand":1,"minecraft:crafting_table":5,"minecraft:cornflower":1,"minecraft:torch":1,"minecraft:grass_block":1834,"minecraft:glass":1,"minecraft:cobblestone":50,"minecraft:tall_grass":6,"minecraft:oak_planks":5,"minecraft:hay_block":52,"minecraft:birch_log":18,"minecraft:iron_ore":2,"minecraft:fire":1,"minecraft:birch_leaves":1,"minecraft:grass":78,"minecraft:oak_log":74,"minecraft:coal_ore":24,"minecraft:sand":322,"minecraft:dirt":743,"minecraft:stone":70,"minecraft:oak_leaves":49},"minecraft:picked_up":{"minecraft:birch_log":21,"minecraft:crafting_table":5,"minecraft:wheat":4,"minecraft:azure_bluet":3,"minecraft:leather_leggings":2,"minecraft:leather":15,"minecraft:smithing_table":3,"minecraft:wooden_pickaxe":5,"minecraft:oak_log":142,"minecraft:brewing_stand":3,"minecraft:cornflower":17,"minecraft:dirt":2763,"minecraft:leather_boots":2,"minecraft:bone":2,"minecraft:apple":12,"mutationcraft:metal_armor_leggings":5,"minecraft:wheat_seeds":54,"minecraft:beef":15,"minecraft:stone_pickaxe":11,"minecraft:poppy":1,"createarmory:nine_mm_casing":48,"minecraft:birch_sapling":5,"minecraft:oak_planks":228,"minecraft:egg":2,"minecraft:raw_iron":2,"minecraft:pink_bed":2,"minecraft:stick":16,"mutationcraft:necroptor_membrane":4,"minecraft:torch":14,"minecraft:dandelion":22,"mutationcraft:putrid_claw":54,"minecraft:sand":509,"minecraft:white_bed":3,"minecraft:leather_helmet":4,"minecraft:stone_sword":7,"minecraft:stone_shovel":9,"minecraft:diamond":1,"minecraft:stone_axe":6,"minecraft:hay_block":52,"minecraft:bread":128,"minecraft:oak_sapling":6,"mutationcraft:putrid_heart":1,"minecraft:coal":207,"minecraft:cobblestone":185,"minecraft:oxeye_daisy":3},"minecraft:dropped":{"minecraft:cobblestone":68,"minecraft:azure_bluet":3,"minecraft:leather_helmet":1,"minecraft:dirt":130,"minecraft:leather_leggings":1,"minecraft:wooden_pickaxe":1,"minecraft:stone_pickaxe":5},"minecraft:broken":{"minecraft:stone_pickaxe":1,"minecraft:stone_shovel":19},"minecraft:crafted":{"minecraft:oak_planks":132,"minecraft:stone_shovel":23,"minecraft:crafting_table":2,"minecraft:wooden_pickaxe":1,"minecraft:furnace":3,"minecraft:diamond_shovel":1,"minecraft:stone_axe":1,"minecraft:bread":133,"minecraft:glass":240,"minecraft:stick":70,"minecraft:stone_pickaxe":3,"minecraft:stone_sword":1,"minecraft:chest":1,"minecraft:wheat":405},"minecraft:killed_by":{"mutationcraft:assimilated_human":3,"skinwalker_overhaul:skinwalker_overhaul":2,"mutationcraft:necroptor":1,"jacky:jacky":1,"mutationcraft:assimilated_roamer":1,"mutationcraft:assimilated_cow":1,"decayingmobsbackport:limb_snatcher":1}},"DataVersion":3120}