{"stats":{"minecraft:custom":{"minecraft:interact_with_furnace":11,"minecraft:mob_kills":3,"minecraft:interact_with_crafting_table":26,"minecraft:time_since_death":7191,"minecraft:sleep_in_bed":3,"minecraft:climb_one_cm":968,"minecraft:time_since_rest":5871,"minecraft:sprint_one_cm":339142,"minecraft:damage_taken":3086,"minecraft:walk_one_cm":360422,"minecraft:drop":79,"minecraft:damage_dealt":1416,"minecraft:swim_one_cm":8547,"minecraft:fly_one_cm":45985,"minecraft:open_chest":9,"minecraft:crouch_one_cm":4077,"minecraft:play_time":117444,"minecraft:deaths":11,"minecraft:sneak_time":3241,"minecraft:walk_under_water_one_cm":5299,"minecraft:jump":901,"minecraft:walk_on_water_one_cm":7095,"minecraft:total_world_time":117444,"minecraft:fall_one_cm":14399,"minecraft:horse_one_cm":74522},"minecraft:used":{"minecraft:stone_sword":82,"minecraft:stone_shovel":1312,"minecraft:stone_pickaxe":123,"minecraft:oak_planks":15,"minecraft:chest":1,"minecraft:wooden_pickaxe":9,"minecraft:sand":12,"minecraft:dirt":863,"minecraft:crafting_table":6,"minecraft:white_bed":1,"minecraft:glass":37,"minecraft:apple":1,"minecraft:stone_axe":82,"minecraft:pink_bed":2,"mutationcraft:putrid_claw":1,"minecraft:furnace":2,"minecraft:birch_log":3,"minecraft:egg":1},"minecraft:killed":{"decayingmobsbackport:half_pig":1,"decayingmobsbackport:hunted_zombie":1,"mutationcraft:necroptor":1,"mutationcraft:assimilated_roamer":1,"mutationcraft:assimilated_cow":1},"minecraft:mined":{"minecraft:smithing_table":1,"minecraft:white_bed":1,"minecraft:pink_bed":1,"minecraft:dandelion":2,"minecraft:brewing_stand":1,"minecraft:crafting_table":5,"minecraft:cornflower":1,"minecraft:grass_block":980,"minecraft:cobblestone":50,"minecraft:tall_grass":6,"minecraft:oak_planks":5,"minecraft:hay_block":52,"minecraft:birch_log":18,"minecraft:iron_ore":2,"minecraft:fire":1,"minecraft:birch_leaves":1,"minecraft:grass":75,"minecraft:oak_log":73,"minecraft:coal_ore":24,"minecraft:sand":178,"minecraft:dirt":209,"minecraft:stone":42,"minecraft:oak_leaves":49},"minecraft:picked_up":{"minecraft:birch_log":21,"minecraft:crafting_table":5,"minecraft:wheat":4,"minecraft:azure_bluet":3,"minecraft:leather_leggings":2,"minecraft:leather":15,"minecraft:smithing_table":3,"minecraft:wooden_pickaxe":5,"minecraft:oak_log":141,"minecraft:brewing_stand":3,"minecraft:cornflower":17,"minecraft:dirt":1568,"minecraft:leather_boots":2,"minecraft:bone":2,"minecraft:apple":12,"mutationcraft:metal_armor_leggings":5,"minecraft:wheat_seeds":51,"minecraft:beef":15,"minecraft:stone_pickaxe":11,"minecraft:poppy":1,"createarmory:nine_mm_casing":48,"minecraft:birch_sapling":5,"minecraft:oak_planks":228,"minecraft:egg":2,"minecraft:raw_iron":2,"minecraft:pink_bed":2,"minecraft:stick":16,"mutationcraft:necroptor_membrane":4,"minecraft:dandelion":22,"mutationcraft:putrid_claw":54,"minecraft:sand":365,"minecraft:white_bed":3,"minecraft:leather_helmet":4,"minecraft:stone_sword":7,"minecraft:stone_shovel":9,"minecraft:stone_axe":6,"minecraft:hay_block":52,"minecraft:bread":128,"minecraft:oak_sapling":6,"mutationcraft:putrid_heart":1,"minecraft:coal":144,"minecraft:cobblestone":157,"minecraft:oxeye_daisy":3},"minecraft:dropped":{"minecraft:cobblestone":68,"minecraft:azure_bluet":3,"minecraft:leather_helmet":1,"minecraft:dirt":130,"minecraft:leather_leggings":1,"minecraft:wooden_pickaxe":1,"minecraft:stone_pickaxe":5},"minecraft:broken":{"minecraft:stone_shovel":10},"minecraft:crafted":{"minecraft:oak_planks":32,"minecraft:stone_shovel":11,"minecraft:crafting_table":2,"minecraft:wooden_pickaxe":1,"minecraft:furnace":2,"minecraft:stone_axe":1,"minecraft:bread":133,"minecraft:glass":37,"minecraft:stick":50,"minecraft:stone_pickaxe":3,"minecraft:stone_sword":1,"minecraft:chest":1,"minecraft:wheat":405},"minecraft:killed_by":{"mutationcraft:assimilated_human":3,"skinwalker_overhaul:skinwalker_overhaul":2,"mutationcraft:necroptor":1,"jacky:jacky":1,"mutationcraft:assimilated_roamer":1,"mutationcraft:assimilated_cow":1,"decayingmobsbackport:limb_snatcher":1}},"DataVersion":3120}