{"stats":{"minecraft:custom":{"minecraft:time_since_rest":488,"minecraft:sprint_one_cm":37698,"minecraft:damage_taken":1060,"minecraft:walk_one_cm":62487,"minecraft:drop":1,"minecraft:damage_dealt":136,"minecraft:interact_with_crafting_table":2,"minecraft:fly_one_cm":7181,"minecraft:crouch_one_cm":2676,"minecraft:play_time":21444,"minecraft:deaths":4,"minecraft:sneak_time":1383,"minecraft:jump":168,"minecraft:time_since_death":422,"minecraft:total_world_time":21444,"minecraft:fall_one_cm":4291},"minecraft:used":{"minecraft:oak_planks":15,"minecraft:dirt":40,"mutationcraft:putrid_claw":1,"minecraft:crafting_table":2,"minecraft:egg":1},"minecraft:killed":{"mutationcraft:assimilated_cow":1},"minecraft:mined":{"minecraft:birch_log":6,"minecraft:birch_leaves":1,"minecraft:crafting_table":2,"minecraft:grass":10,"minecraft:grass_block":22,"minecraft:oak_log":16,"minecraft:dirt":22,"minecraft:tall_grass":4,"minecraft:oak_planks":5,"minecraft:oak_leaves":24},"minecraft:picked_up":{"minecraft:birch_log":4,"minecraft:crafting_table":1,"mutationcraft:putrid_claw":6,"minecraft:oak_log":32,"minecraft:dirt":49,"minecraft:apple":1,"createarmory:nine_mm_casing":22,"minecraft:oak_sapling":2,"minecraft:oak_planks":4,"mutationcraft:putrid_heart":1,"minecraft:egg":2},"minecraft:dropped":{"minecraft:dirt":1},"minecraft:crafted":{"minecraft:oak_planks":14,"minecraft:crafting_table":1},"minecraft:killed_by":{"skinwalker_overhaul:skinwalker_overhaul":1,"mutationcraft:assimilated_cow":1,"mutationcraft:necroptor":1}},"DataVersion":3120}