{"stats":{"minecraft:mined":{"minecraft:white_bed":1,"minecraft:pink_bed":4,"minecraft:brewing_stand":1,"gravestone:gravestone":3,"minecraft:granite":1,"minecraft:grass_block":2579,"minecraft:hay_block":52,"minecraft:furnace":3,"minecraft:iron_ore":2,"minecraft:fire":1,"minecraft:dirt_path":1,"minecraft:stone":242,"minecraft:smithing_table":1,"minecraft:dandelion":2,"minecraft:crafting_table":6,"minecraft:cornflower":2,"minecraft:torch":1,"minecraft:chest":2,"minecraft:glass":1,"minecraft:tall_grass":27,"minecraft:copper_ore":3,"minecraft:cobblestone":58,"minecraft:oak_planks":17,"minecraft:birch_log":43,"minecraft:sweet_berry_bush":12,"minecraft:spruce_log":31,"minecraft:birch_leaves":1,"minecraft:black_bed":5,"minecraft:white_wall_banner":1,"minecraft:grass":107,"minecraft:oak_log":215,"minecraft:coal_ore":24,"minecraft:sand":746,"minecraft:dirt":1619,"minecraft:oak_leaves":75,"minecraft:fern":1},"minecraft:used":{"minecraft:stone_sword":233,"minecraft:stone_shovel":2761,"minecraft:spruce_planks":5,"minecraft:chest":4,"minecraft:oak_door":2,"minecraft:torch":27,"minecraft:dirt":1263,"minecraft:glass":1018,"minecraft:iron_axe":245,"minecraft:oak_stairs":12,"mutationcraft:putrid_claw":1,"minecraft:furnace":6,"minecraft:egg":1,"minecraft:stone_pickaxe":185,"minecraft:oak_planks":48,"minecraft:wooden_pickaxe":9,"minecraft:sand":16,"minecraft:crafting_table":6,"minecraft:white_bed":1,"minecraft:black_bed":4,"justhammers:iron_hammer":163,"minecraft:diamond_pickaxe":174,"minecraft:apple":1,"minecraft:diamond_shovel":2082,"minecraft:bread":27,"minecraft:gravel":2,"justhammers:stone_hammer":103,"minecraft:stone_axe":82,"minecraft:pink_bed":5,"minecraft:cobblestone":53,"minecraft:white_banner":2,"minecraft:birch_log":3},"minecraft:killed":{"decayingmobsbackport:hunted_zombie":3,"mutationcraft:necroptor":2,"mutationcraft:assimilated_roamer":1,"mutationcraft:assimilated_spider":1,"decayingmobsbackport:half_pig":3,"minecraft:sheep":3,"minecraft:pillager":3,"minecraft:cow":2,"mutationcraft:assimilated_cow":2},"minecraft:killed_by":{"minecraft:pillager":1,"jacky:jacky":4,"mutationcraft:assimilated_cow":1,"decayingmobsbackport:limb_snatcher":1,"mutationcraft:assimilated_human":3,"skinwalker_overhaul:skinwalker_overhaul":2,"mutationcraft:necroptor":1,"mutationcraft:assimilated_roamer":1},"minecraft:picked_up":{"minecraft:crafting_table":7,"minecraft:wheat":8,"minecraft:azure_bluet":3,"minecraft:leather_leggings":2,"minecraft:smithing_table":5,"minecraft:wooden_pickaxe":5,"gravestone:obituary":12,"minecraft:brewing_stand":4,"minecraft:cornflower":23,"minecraft:raw_copper":7,"minecraft:iron_axe":1,"minecraft:beef":21,"createarmory:nine_mm_casing":66,"minecraft:poppy":2,"minecraft:chest":2,"minecraft:birch_sapling":5,"minecraft:egg":3,"minecraft:furnace":3,"minecraft:raw_iron":6,"minecraft:stick":27,"mutationcraft:necroptor_membrane":5,"minecraft:torch":51,"mutationcraft:putrid_claw":72,"minecraft:stone_sword":10,"minecraft:stone_shovel":13,"minecraft:hay_block":52,"minecraft:mutton":5,"mutationcraft:putrid_heart":1,"minecraft:white_wool":2,"minecraft:cobblestone":1143,"minecraft:oxeye_daisy":7,"minecraft:birch_log":46,"minecraft:black_bed":4,"minecraft:leather":25,"minecraft:oak_log":289,"minecraft:dirt":7209,"minecraft:white_banner":2,"minecraft:leather_boots":4,"minecraft:glass":22,"minecraft:bone":4,"mutationcraft:metal_armor_leggings":7,"minecraft:apple":15,"minecraft:wheat_seeds":89,"minecraft:stone_pickaxe":13,"minecraft:oak_planks":456,"minecraft:pink_bed":5,"minecraft:sweet_berries":31,"minecraft:dandelion":74,"minecraft:gravel":3,"justhammers:iron_hammer":1,"minecraft:sand":916,"justhammers:stone_hammer":1,"minecraft:spruce_sapling":3,"minecraft:white_bed":3,"minecraft:spruce_log":31,"minecraft:leather_helmet":6,"minecraft:diamond":1,"minecraft:stone_axe":6,"minecraft:crossbow":1,"minecraft:gray_wool":1,"minecraft:bread":248,"minecraft:oak_sapling":30,"minecraft:coal":255},"minecraft:broken":{"minecraft:leather_helmet":1,"justhammers:iron_hammer":1,"minecraft:stone_pickaxe":1,"justhammers:stone_hammer":1,"minecraft:diamond_shovel":1,"minecraft:iron_axe":1,"minecraft:stone_shovel":21},"minecraft:custom":{"minecraft:mob_kills":18,"minecraft:interact_with_crafting_table":36,"minecraft:leave_game":1,"minecraft:time_since_death":36458,"minecraft:climb_one_cm":968,"minecraft:sprint_one_cm":826133,"minecraft:walk_one_cm":913084,"minecraft:drop":144,"minecraft:play_time":277435,"minecraft:deaths":15,"minecraft:sneak_time":9847,"minecraft:walk_under_water_one_cm":16577,"minecraft:jump":2072,"minecraft:walk_on_water_one_cm":27215,"minecraft:total_world_time":277435,"minecraft:interact_with_furnace":88,"minecraft:sleep_in_bed":13,"minecraft:time_since_rest":16526,"minecraft:damage_taken":5167,"minecraft:damage_dealt":3953,"minecraft:swim_one_cm":14298,"minecraft:fly_one_cm":126907,"minecraft:open_chest":24,"minecraft:crouch_one_cm":32707,"minecraft:fall_one_cm":32230,"minecraft:horse_one_cm":127366},"minecraft:dropped":{"minecraft:cobblestone":80,"minecraft:leather_helmet":1,"minecraft:dirt":130,"gravestone:obituary":12,"minecraft:sand":4,"minecraft:dandelion":26,"minecraft:stone_sword":1,"minecraft:oak_planks":14,"minecraft:azure_bluet":3,"minecraft:leather_leggings":1,"minecraft:wooden_pickaxe":1,"minecraft:stone_pickaxe":5,"minecraft:glass":43},"minecraft:crafted":{"minecraft:oak_planks":452,"minecraft:stone_shovel":23,"minecraft:furnace":3,"minecraft:diamond_shovel":1,"minecraft:glass":630,"minecraft:stone_pickaxe":3,"minecraft:chest":2,"minecraft:wheat":405,"minecraft:crafting_table":2,"minecraft:spruce_planks":124,"minecraft:wooden_pickaxe":1,"minecraft:stone_axe":1,"minecraft:bread":133,"minecraft:stick":70,"minecraft:oak_stairs":20,"minecraft:stone_sword":1}},"DataVersion":3120}