{"stats":{"minecraft:custom":{"minecraft:jump":85,"minecraft:time_since_rest":5211,"minecraft:deaths":1,"minecraft:crouch_one_cm":869,"minecraft:sprint_one_cm":18795,"minecraft:play_time":9444,"minecraft:damage_taken":250,"minecraft:time_since_death":5105,"minecraft:walk_one_cm":34146,"minecraft:sneak_time":118,"minecraft:total_world_time":9444,"minecraft:fall_one_cm":2135,"minecraft:fly_one_cm":4370},"minecraft:used":{"minecraft:egg":1,"minecraft:dirt":19},"minecraft:mined":{"minecraft:grass_block":17,"minecraft:oak_log":16,"minecraft:oak_leaves":14,"minecraft:dirt":5},"minecraft:picked_up":{"minecraft:oak_log":17,"minecraft:oak_sapling":1,"minecraft:dirt":21,"minecraft:egg":1}},"DataVersion":3120}