{"stats":{"minecraft:mined":{"create:zinc_ore":4,"minecraft:tuff":14,"minecraft:deepslate_diamond_ore":7,"gravestone:gravestone":8,"minecraft:granite":38,"minecraft:grass_block":293,"create:ochrum":59,"minecraft:oxeye_daisy":2,"minecraft:furnace":1,"minecraft:iron_ore":9,"minecraft:deepslate_lapis_ore":5,"minecraft:azure_bluet":1,"minecraft:rail":2,"minecraft:deepslate_iron_ore":9,"minecraft:stone":532,"minecraft:deepslate_redstone_ore":7,"minecraft:dandelion":4,"minecraft:crafting_table":1,"minecraft:cornflower":2,"minecraft:poppy":1,"minecraft:tall_grass":14,"minecraft:copper_ore":4,"minecraft:cobblestone":77,"minecraft:diorite":13,"minecraft:wall_torch":2,"minecraft:birch_log":18,"minecraft:birch_leaves":1,"minecraft:grass":102,"minecraft:oak_log":29,"minecraft:coal_ore":47,"mutationcraft:putrid_block":2,"minecraft:gravel":5,"minecraft:dirt":211,"minecraft:cobweb":4,"minecraft:gold_ore":6,"minecraft:oak_leaves":14,"minecraft:deepslate":39,"minecraft:fern":1},"minecraft:used":{"minecraft:netherite_sword":32,"minecraft:stone_sword":8,"minecraft:stone_shovel":468,"minecraft:chest":4,"minecraft:stone":61,"screaming_villager:screaming_villager_spawn_egg":5,"minecraft:torch":96,"minecraft:dirt":290,"minecraft:glass":20,"minecraft:birch_door":2,"minecraft:wooden_axe":24,"minecraft:lava_bucket":2,"simplyswords:diamond_scythe":50,"minecraft:written_book":1,"minecraft:furnace":2,"simon:simon_12_spawn_egg":3,"minecraft:egg":3,"skinwalker_overhaul:skinwalker_overhaul_spawn_egg":5,"minecraft:stone_pickaxe":619,"minecraft:wooden_pickaxe":64,"createarmory:strange_substance":1,"justhammers:diamond_hammer":655,"minecraft:crafting_table":6,"minecraft:black_bed":2,"justhammers:iron_hammer":391,"minecraft:iron_pickaxe":247,"minecraft:stone_axe":65,"minecraft:cobblestone":615,"mimicer:mimicer_spawn_egg":3},"minecraft:killed":{"mutationcraft:assimilated_donkey":1,"minecraft:horse":1,"decayingmobsbackport:hunted_zombie":8,"mutationcraft:assimilated_villager":2,"mutationcraft:necroptor":7,"decayingmobsbackport:limb_snatcher_victim":2,"screaming_villager:screaming_sheep":2,"mutationcraft:assimilated_roamer":4,"mutationcraft:assimilated_fox":1,"mutationcraft:assimilated_pillager":1,"mutationcraft:developed_roamer":2,"mutationcraft:assimilated_spider":1,"decayingmobsbackport:slain_phantom":1,"decayingmobsbackport:half_pig":5,"minecraft:zombie":2,"mutationcraft:assimilated_human":5,"mutationcraft:assimilated_wandering_trader":1,"minecraft:cow":3,"mutationcraft:assimilated_cow":1},"minecraft:killed_by":{"decayingmobsbackport:weeping_chaser":1,"jacky:jacky":1,"decayingmobsbackport:limb_snatcher":1,"mimicer:mimicer":2,"mutationcraft:assimilated_human":1,"skinwalker_overhaul:skinwalker_overhaul":6,"minecraft:skeleton":1,"mutationcraft:necroptor":3,"mutationcraft:assimilated_fox":1,"mutationcraft:assimilated_roamer":2},"minecraft:broken":{"justhammers:iron_hammer":1,"minecraft:wooden_pickaxe":1,"minecraft:stone_pickaxe":4,"minecraft:iron_pickaxe":1,"minecraft:stone_shovel":2},"minecraft:picked_up":{"minecraft:wooden_axe":1,"minecraft:crafting_table":5,"minecraft:azure_bluet":3,"minecraft:wooden_pickaxe":2,"gravestone:obituary":6,"minecraft:cornflower":1,"minecraft:string":3,"minecraft:raw_copper":74,"minecraft:cobbled_deepslate":51,"minecraft:beef":10,"mimicer:mimicer_spawn_egg":1,"minecraft:poppy":1,"createarmory:nine_mm_casing":464,"skinwalker_overhaul:skinwalker_overhaul_spawn_egg":1,"minecraft:furnace":1,"minecraft:egg":5,"minecraft:stick":36,"minecraft:raw_iron":30,"minecraft:torch":30,"mutationcraft:putrid_claw":35,"minecraft:diorite":64,"screaming_villager:screaming_villager_spawn_egg":1,"minecraft:redstone":30,"minecraft:rotten_flesh":8,"minecraft:stone_sword":4,"minecraft:stone_shovel":2,"minecraft:golden_hoe":1,"create:ochrum":166,"simon:simon_12_spawn_egg":1,"minecraft:obsidian":3,"minecraft:rail":2,"minecraft:white_wool":3,"minecraft:cobblestone":1637,"minecraft:oxeye_daisy":6,"minecraft:birch_log":45,"minecraft:glow_ink_sac":3,"minecraft:black_bed":1,"minecraft:leather":2,"minecraft:birch_planks":136,"minecraft:flint":1,"create:raw_zinc":4,"minecraft:oak_log":39,"minecraft:lapis_lazuli":32,"minecraft:dirt":1100,"minecraft:bone":5,"minecraft:apple":2,"mutationcraft:metal_armor_leggings":1,"minecraft:wheat_seeds":26,"minecraft:raw_gold":6,"minecraft:stone_pickaxe":1,"minecraft:oak_planks":6,"minecraft:dandelion":11,"createarmory:mini_gun":2,"minecraft:gravel":3,"justhammers:diamond_hammer":1,"minecraft:diamond":8,"minecraft:granite":203,"minecraft:coal":165},"minecraft:custom":{"minecraft:mob_kills":52,"minecraft:interact_with_crafting_table":27,"minecraft:leave_game":5,"minecraft:time_since_death":11148,"minecraft:sprint_one_cm":566978,"minecraft:walk_one_cm":918524,"minecraft:drop":319,"minecraft:play_time":273145,"minecraft:deaths":20,"minecraft:sneak_time":2616,"minecraft:walk_under_water_one_cm":8798,"minecraft:jump":2794,"minecraft:walk_on_water_one_cm":35374,"minecraft:total_world_time":273145,"minecraft:interact_with_furnace":25,"minecraft:sleep_in_bed":5,"minecraft:time_since_rest":11176,"minecraft:damage_taken":5292,"minecraft:damage_dealt":4928,"minecraft:swim_one_cm":12347,"minecraft:fly_one_cm":708550,"minecraft:open_chest":13,"minecraft:crouch_one_cm":6168,"minecraft:fall_one_cm":58746,"minecraft:horse_one_cm":948},"minecraft:crafted":{"minecraft:oak_planks":84,"minecraft:stone_shovel":3,"simplyswords:diamond_scythe":1,"minecraft:furnace":1,"minecraft:stone":64,"minecraft:glass":30,"minecraft:iron_boots":1,"minecraft:iron_axe":1,"justhammers:diamond_hammer":1,"minecraft:stone_pickaxe":2,"minecraft:chest":4,"minecraft:birch_door":3,"minecraft:crafting_table":5,"minecraft:wooden_pickaxe":2,"minecraft:birch_planks":76,"minecraft:air":0,"justhammers:iron_hammer":4,"justhammers:stone_hammer":1,"minecraft:stick":44,"minecraft:iron_ingot":28,"minecraft:iron_pickaxe":1,"minecraft:wooden_axe":1,"minecraft:stone_sword":1,"minecraft:torch":76},"minecraft:dropped":{"justhammers:diamond_hammer":1,"minecraft:glow_ink_sac":3,"minecraft:diamond":1,"mutationcraft:metal_armor_leggings":1,"simon:simon_12_spawn_egg":2,"minecraft:cobblestone":31,"createarmory:strange_substance":54,"createarmory:empty_double_barrel":1,"minecraft:coal":63,"minecraft:dirt":345,"minecraft:flint":2,"minecraft:oxeye_daisy":2,"minecraft:lava_bucket":1,"minecraft:torch":1,"gravestone:obituary":9,"minecraft:iron_axe":1,"minecraft:golden_hoe":2,"minecraft:white_wool":1,"minecraft:dandelion":4,"mutationcraft:putrid_claw":17,"createarmory:nine_mm_casing":34,"minecraft:bone":2,"minecraft:gravel":3,"minecraft:pink_bed":1,"screaming_villager:screaming_villager_spawn_egg":2,"minecraft:stone_sword":2,"minecraft:raw_copper":3,"minecraft:obsidian":6,"createarmory:junk_gun":1,"createarmory:fifty_cal":128,"mimicer:mimicer_spawn_egg":2,"justhammers:iron_hammer":3,"minecraft:azure_bluet":1,"skinwalker_overhaul:skinwalker_overhaul_spawn_egg":2,"justhammers:stone_hammer":1,"createarmory:five_five_six_casing":126,"minecraft:birch_door":1,"minecraft:written_book":1,"createarmory:upgraded_mini_gun":1}},"DataVersion":3120}