{"stats":{"minecraft:custom":{"minecraft:jump":76,"minecraft:open_chest":3,"minecraft:time_since_rest":6658,"minecraft:crouch_one_cm":16,"minecraft:leave_game":1,"minecraft:play_time":6658,"minecraft:sprint_one_cm":22236,"minecraft:damage_taken":30,"minecraft:time_since_death":6658,"minecraft:walk_one_cm":6258,"minecraft:sneak_time":319,"minecraft:total_world_time":6658,"minecraft:fly_one_cm":45926,"minecraft:fall_one_cm":1862},"minecraft:used":{"skinwalker_overhaul:skinwalker_overhaul_spawn_egg":3,"simon:simon_12_spawn_egg":2,"mimicer:mimicer_spawn_egg":2,"screaming_villager:screaming_villager_spawn_egg":4,"minecraft:written_book":1},"minecraft:mined":{"minecraft:grass":1,"minecraft:fern":1}},"DataVersion":3120}