{"stats":{"minecraft:custom":{"minecraft:time_since_rest":4638,"minecraft:sprint_one_cm":87260,"minecraft:damage_taken":1318,"minecraft:walk_one_cm":87198,"minecraft:mob_kills":12,"minecraft:drop":19,"minecraft:damage_dealt":227,"minecraft:interact_with_crafting_table":2,"minecraft:fly_one_cm":127238,"minecraft:open_chest":3,"minecraft:crouch_one_cm":629,"minecraft:play_time":30658,"minecraft:deaths":5,"minecraft:sneak_time":460,"minecraft:walk_under_water_one_cm":740,"minecraft:jump":345,"minecraft:leave_game":1,"minecraft:walk_on_water_one_cm":2670,"minecraft:time_since_death":4592,"minecraft:total_world_time":30658,"minecraft:fall_one_cm":16245},"minecraft:used":{"minecraft:wooden_axe":24,"skinwalker_overhaul:skinwalker_overhaul_spawn_egg":5,"minecraft:wooden_pickaxe":5,"screaming_villager:screaming_villager_spawn_egg":5,"mimicer:mimicer_spawn_egg":3,"minecraft:written_book":1,"minecraft:crafting_table":1,"minecraft:egg":1,"simon:simon_12_spawn_egg":3},"minecraft:mined":{"minecraft:birch_log":6,"minecraft:birch_leaves":1,"minecraft:crafting_table":1,"minecraft:grass":3,"minecraft:oak_log":14,"minecraft:stone":4,"minecraft:oak_leaves":8,"minecraft:fern":1},"minecraft:killed":{"mutationcraft:necroptor":4,"minecraft:zombie":2,"mutationcraft:assimilated_spider":1,"mutationcraft:assimilated_roamer":1,"mutationcraft:developed_roamer":1,"mutationcraft:assimilated_cow":1,"minecraft:cow":1},"minecraft:picked_up":{"minecraft:wooden_axe":1,"minecraft:birch_log":12,"minecraft:crafting_table":4,"minecraft:wooden_pickaxe":2,"mutationcraft:putrid_claw":1,"minecraft:flint":1,"minecraft:oak_log":21,"screaming_villager:screaming_villager_spawn_egg":1,"minecraft:rotten_flesh":8,"minecraft:apple":1,"minecraft:golden_hoe":1,"minecraft:beef":2,"createarmory:nine_mm_casing":34,"mimicer:mimicer_spawn_egg":1,"minecraft:oak_planks":1,"minecraft:obsidian":3,"simon:simon_12_spawn_egg":1,"skinwalker_overhaul:skinwalker_overhaul_spawn_egg":1,"minecraft:cobblestone":8,"minecraft:egg":1},"minecraft:dropped":{"screaming_villager:screaming_villager_spawn_egg":2,"simon:simon_12_spawn_egg":2,"minecraft:obsidian":6,"mimicer:mimicer_spawn_egg":2,"minecraft:golden_hoe":2,"minecraft:written_book":1,"skinwalker_overhaul:skinwalker_overhaul_spawn_egg":2,"minecraft:flint":2},"minecraft:crafted":{"minecraft:oak_planks":12,"minecraft:crafting_table":1,"minecraft:stick":4,"minecraft:wooden_pickaxe":1,"minecraft:wooden_axe":1},"minecraft:killed_by":{"decayingmobsbackport:weeping_chaser":1,"jacky:jacky":1,"skinwalker_overhaul:skinwalker_overhaul":1,"decayingmobsbackport:limb_snatcher":1,"minecraft:skeleton":1}},"DataVersion":3120}