{"stats":{"minecraft:custom":{"minecraft:interact_with_furnace":3,"minecraft:mob_kills":38,"minecraft:interact_with_crafting_table":14,"minecraft:leave_game":2,"minecraft:time_since_death":44524,"minecraft:sleep_in_bed":3,"minecraft:time_since_rest":43287,"minecraft:sprint_one_cm":344702,"minecraft:damage_taken":2454,"minecraft:walk_one_cm":518953,"minecraft:drop":283,"minecraft:damage_dealt":3022,"minecraft:fly_one_cm":512244,"minecraft:open_chest":7,"minecraft:crouch_one_cm":5073,"minecraft:play_time":164074,"minecraft:deaths":9,"minecraft:sneak_time":2056,"minecraft:walk_under_water_one_cm":1909,"minecraft:jump":1834,"minecraft:walk_on_water_one_cm":7978,"minecraft:total_world_time":164074,"minecraft:fall_one_cm":38728},"minecraft:used":{"minecraft:netherite_sword":32,"skinwalker_overhaul:skinwalker_overhaul_spawn_egg":5,"minecraft:stone_sword":7,"minecraft:stone_shovel":468,"minecraft:stone_pickaxe":539,"minecraft:wooden_pickaxe":64,"screaming_villager:screaming_villager_spawn_egg":5,"minecraft:torch":65,"minecraft:dirt":290,"createarmory:strange_substance":1,"minecraft:crafting_table":4,"minecraft:black_bed":1,"minecraft:wooden_axe":24,"minecraft:lava_bucket":2,"minecraft:iron_pickaxe":19,"minecraft:stone_axe":65,"minecraft:cobblestone":560,"mimicer:mimicer_spawn_egg":3,"minecraft:written_book":1,"minecraft:furnace":1,"simon:simon_12_spawn_egg":3,"minecraft:egg":3},"minecraft:killed":{"mutationcraft:assimilated_donkey":1,"mutationcraft:assimilated_spider":1,"decayingmobsbackport:slain_phantom":1,"decayingmobsbackport:hunted_zombie":3,"mutationcraft:necroptor":5,"mutationcraft:assimilated_villager":2,"minecraft:zombie":2,"decayingmobsbackport:limb_snatcher_victim":2,"mutationcraft:assimilated_human":5,"screaming_villager:screaming_sheep":2,"mutationcraft:assimilated_roamer":4,"mutationcraft:assimilated_pillager":1,"mutationcraft:assimilated_wandering_trader":1,"mutationcraft:developed_roamer":2,"minecraft:cow":3,"mutationcraft:assimilated_cow":1},"minecraft:mined":{"minecraft:tuff":2,"minecraft:deepslate_diamond_ore":4,"minecraft:dandelion":4,"minecraft:crafting_table":1,"minecraft:cornflower":2,"minecraft:granite":38,"minecraft:grass_block":290,"minecraft:poppy":1,"create:ochrum":42,"minecraft:copper_ore":2,"minecraft:cobblestone":69,"minecraft:tall_grass":14,"minecraft:diorite":12,"minecraft:oxeye_daisy":2,"minecraft:wall_torch":1,"minecraft:furnace":1,"minecraft:birch_log":18,"minecraft:birch_leaves":1,"minecraft:deepslate_lapis_ore":2,"minecraft:azure_bluet":1,"minecraft:grass":98,"minecraft:deepslate_iron_ore":7,"minecraft:coal_ore":16,"minecraft:oak_log":29,"minecraft:gravel":3,"minecraft:dirt":208,"minecraft:cobweb":4,"minecraft:deepslate":9,"minecraft:stone":371,"minecraft:oak_leaves":14,"minecraft:fern":1},"minecraft:picked_up":{"minecraft:wooden_axe":1,"minecraft:birch_log":45,"minecraft:crafting_table":5,"minecraft:azure_bluet":3,"minecraft:glow_ink_sac":3,"minecraft:leather":2,"minecraft:wooden_pickaxe":2,"minecraft:birch_planks":136,"minecraft:flint":1,"minecraft:oak_log":39,"minecraft:string":3,"minecraft:lapis_lazuli":10,"minecraft:cornflower":1,"minecraft:dirt":997,"minecraft:raw_copper":18,"minecraft:bone":5,"mutationcraft:metal_armor_leggings":1,"minecraft:apple":2,"minecraft:wheat_seeds":26,"minecraft:beef":10,"minecraft:stone_pickaxe":1,"mimicer:mimicer_spawn_egg":1,"minecraft:poppy":1,"createarmory:nine_mm_casing":464,"skinwalker_overhaul:skinwalker_overhaul_spawn_egg":1,"minecraft:oak_planks":6,"minecraft:furnace":1,"minecraft:egg":5,"minecraft:raw_iron":7,"minecraft:stick":36,"minecraft:torch":25,"minecraft:dandelion":11,"minecraft:gravel":3,"createarmory:mini_gun":2,"mutationcraft:putrid_claw":35,"minecraft:diorite":12,"screaming_villager:screaming_villager_spawn_egg":1,"minecraft:diamond":4,"minecraft:stone_sword":4,"minecraft:stone_shovel":2,"minecraft:rotten_flesh":8,"minecraft:golden_hoe":1,"create:ochrum":40,"minecraft:granite":114,"minecraft:coal":107,"simon:simon_12_spawn_egg":1,"minecraft:obsidian":3,"minecraft:white_wool":3,"minecraft:cobblestone":512,"minecraft:oxeye_daisy":5},"minecraft:dropped":{"minecraft:pink_bed":1,"screaming_villager:screaming_villager_spawn_egg":2,"minecraft:stone_sword":1,"minecraft:diamond":1,"mutationcraft:metal_armor_leggings":1,"simon:simon_12_spawn_egg":2,"minecraft:obsidian":6,"minecraft:cobblestone":5,"createarmory:junk_gun":1,"createarmory:fifty_cal":128,"mimicer:mimicer_spawn_egg":2,"createarmory:strange_substance":54,"skinwalker_overhaul:skinwalker_overhaul_spawn_egg":2,"createarmory:empty_double_barrel":1,"minecraft:coal":63,"minecraft:flint":2,"minecraft:lava_bucket":1,"createarmory:five_five_six_casing":126,"minecraft:golden_hoe":2,"minecraft:bone":1,"minecraft:written_book":1,"minecraft:dandelion":1,"createarmory:upgraded_mini_gun":1,"mutationcraft:putrid_claw":5,"createarmory:nine_mm_casing":34},"minecraft:broken":{"minecraft:stone_pickaxe":4,"minecraft:stone_shovel":2,"minecraft:wooden_pickaxe":1},"minecraft:crafted":{"minecraft:oak_planks":84,"minecraft:stone_shovel":3,"minecraft:crafting_table":3,"minecraft:wooden_pickaxe":2,"minecraft:furnace":1,"minecraft:birch_planks":76,"minecraft:air":0,"minecraft:stick":16,"minecraft:iron_pickaxe":1,"minecraft:iron_ingot":7,"minecraft:stone_pickaxe":2,"minecraft:stone_sword":1,"minecraft:wooden_axe":1,"minecraft:torch":64},"minecraft:killed_by":{"mutationcraft:assimilated_human":1,"decayingmobsbackport:weeping_chaser":1,"skinwalker_overhaul:skinwalker_overhaul":1,"minecraft:skeleton":1,"mutationcraft:necroptor":1,"jacky:jacky":1,"mutationcraft:assimilated_roamer":2,"decayingmobsbackport:limb_snatcher":1}},"DataVersion":3120}