{"stats":{"minecraft:custom":{"minecraft:mob_kills":38,"minecraft:interact_with_crafting_table":5,"minecraft:leave_game":1,"minecraft:time_since_death":13892,"minecraft:sleep_in_bed":2,"minecraft:time_since_rest":12307,"minecraft:sprint_one_cm":124835,"minecraft:damage_taken":1608,"minecraft:walk_one_cm":234431,"minecraft:drop":212,"minecraft:damage_dealt":2894,"minecraft:fly_one_cm":238887,"minecraft:open_chest":3,"minecraft:crouch_one_cm":1750,"minecraft:play_time":66658,"minecraft:deaths":6,"minecraft:sneak_time":1156,"minecraft:walk_under_water_one_cm":740,"minecraft:jump":601,"minecraft:walk_on_water_one_cm":2670,"minecraft:total_world_time":66658,"minecraft:fall_one_cm":19920},"minecraft:used":{"minecraft:netherite_sword":32,"skinwalker_overhaul:skinwalker_overhaul_spawn_egg":5,"minecraft:stone_shovel":172,"minecraft:stone_pickaxe":69,"minecraft:wooden_pickaxe":5,"screaming_villager:screaming_villager_spawn_egg":5,"minecraft:torch":2,"minecraft:dirt":229,"createarmory:strange_substance":1,"minecraft:crafting_table":1,"minecraft:black_bed":1,"minecraft:wooden_axe":24,"minecraft:lava_bucket":2,"minecraft:stone_axe":65,"minecraft:cobblestone":19,"mimicer:mimicer_spawn_egg":3,"minecraft:written_book":1,"simon:simon_12_spawn_egg":3,"minecraft:egg":1},"minecraft:mined":{"minecraft:dandelion":3,"minecraft:crafting_table":1,"minecraft:cornflower":2,"minecraft:grass_block":140,"minecraft:poppy":1,"minecraft:cobblestone":4,"minecraft:tall_grass":9,"minecraft:oxeye_daisy":1,"minecraft:birch_log":18,"minecraft:birch_leaves":1,"minecraft:grass":50,"minecraft:coal_ore":16,"minecraft:oak_log":29,"minecraft:dirt":31,"minecraft:stone":40,"minecraft:oak_leaves":14,"minecraft:fern":1},"minecraft:killed":{"mutationcraft:assimilated_donkey":1,"mutationcraft:assimilated_spider":1,"decayingmobsbackport:slain_phantom":1,"decayingmobsbackport:hunted_zombie":3,"mutationcraft:necroptor":5,"mutationcraft:assimilated_villager":2,"minecraft:zombie":2,"decayingmobsbackport:limb_snatcher_victim":2,"mutationcraft:assimilated_human":5,"screaming_villager:screaming_sheep":2,"mutationcraft:assimilated_roamer":4,"mutationcraft:assimilated_pillager":1,"mutationcraft:assimilated_wandering_trader":1,"mutationcraft:developed_roamer":2,"minecraft:cow":3,"mutationcraft:assimilated_cow":1},"minecraft:picked_up":{"minecraft:wooden_axe":1,"minecraft:birch_log":45,"minecraft:crafting_table":5,"minecraft:leather":2,"minecraft:wooden_pickaxe":2,"minecraft:flint":1,"minecraft:oak_log":39,"minecraft:cornflower":1,"minecraft:dirt":290,"minecraft:bone":3,"minecraft:apple":2,"minecraft:wheat_seeds":9,"minecraft:beef":6,"minecraft:stone_pickaxe":1,"mimicer:mimicer_spawn_egg":1,"minecraft:poppy":1,"createarmory:nine_mm_casing":208,"skinwalker_overhaul:skinwalker_overhaul_spawn_egg":1,"minecraft:oak_planks":6,"minecraft:egg":5,"minecraft:stick":2,"minecraft:torch":14,"minecraft:dandelion":4,"mutationcraft:putrid_claw":23,"screaming_villager:screaming_villager_spawn_egg":1,"minecraft:rotten_flesh":8,"minecraft:golden_hoe":1,"minecraft:coal":28,"simon:simon_12_spawn_egg":1,"minecraft:obsidian":3,"minecraft:white_wool":1,"minecraft:cobblestone":72,"minecraft:oxeye_daisy":2},"minecraft:dropped":{"minecraft:pink_bed":1,"screaming_villager:screaming_villager_spawn_egg":2,"simon:simon_12_spawn_egg":2,"minecraft:obsidian":6,"createarmory:junk_gun":1,"createarmory:fifty_cal":128,"mimicer:mimicer_spawn_egg":2,"createarmory:strange_substance":54,"skinwalker_overhaul:skinwalker_overhaul_spawn_egg":2,"createarmory:empty_double_barrel":1,"minecraft:flint":2,"minecraft:lava_bucket":1,"createarmory:five_five_six_casing":126,"minecraft:golden_hoe":2,"minecraft:bone":1,"minecraft:written_book":1,"minecraft:dandelion":1,"createarmory:upgraded_mini_gun":1,"mutationcraft:putrid_claw":5,"createarmory:nine_mm_casing":34},"minecraft:crafted":{"minecraft:oak_planks":84,"minecraft:stone_shovel":2,"minecraft:crafting_table":1,"minecraft:wooden_pickaxe":1,"minecraft:stick":12,"minecraft:wooden_axe":1,"minecraft:torch":16},"minecraft:killed_by":{"mutationcraft:assimilated_human":1,"decayingmobsbackport:weeping_chaser":1,"skinwalker_overhaul:skinwalker_overhaul":1,"minecraft:skeleton":1,"jacky:jacky":1,"decayingmobsbackport:limb_snatcher":1}},"DataVersion":3120}