{"stats":{"minecraft:custom":{"minecraft:time_since_rest":559,"minecraft:sprint_one_cm":60036,"minecraft:damage_taken":504,"minecraft:walk_one_cm":43083,"minecraft:drop":19,"minecraft:damage_dealt":20,"minecraft:interact_with_crafting_table":2,"minecraft:fly_one_cm":108463,"minecraft:open_chest":3,"minecraft:crouch_one_cm":579,"minecraft:play_time":18658,"minecraft:deaths":2,"minecraft:sneak_time":455,"minecraft:jump":178,"minecraft:leave_game":1,"minecraft:time_since_death":515,"minecraft:total_world_time":18658,"minecraft:fall_one_cm":6321},"minecraft:used":{"minecraft:wooden_axe":10,"skinwalker_overhaul:skinwalker_overhaul_spawn_egg":5,"screaming_villager:screaming_villager_spawn_egg":5,"mimicer:mimicer_spawn_egg":3,"minecraft:written_book":1,"minecraft:crafting_table":1,"minecraft:egg":1,"simon:simon_12_spawn_egg":3},"minecraft:mined":{"minecraft:crafting_table":1,"minecraft:grass":2,"minecraft:oak_log":14,"minecraft:oak_leaves":5,"minecraft:fern":1},"minecraft:picked_up":{"minecraft:crafting_table":1,"minecraft:flint":1,"minecraft:oak_log":13,"screaming_villager:screaming_villager_spawn_egg":1,"minecraft:golden_hoe":1,"mimicer:mimicer_spawn_egg":1,"minecraft:obsidian":3,"simon:simon_12_spawn_egg":1,"skinwalker_overhaul:skinwalker_overhaul_spawn_egg":1,"minecraft:egg":1},"minecraft:dropped":{"screaming_villager:screaming_villager_spawn_egg":2,"simon:simon_12_spawn_egg":2,"minecraft:obsidian":6,"mimicer:mimicer_spawn_egg":2,"minecraft:golden_hoe":2,"minecraft:written_book":1,"skinwalker_overhaul:skinwalker_overhaul_spawn_egg":2,"minecraft:flint":2},"minecraft:crafted":{"minecraft:oak_planks":12,"minecraft:crafting_table":1,"minecraft:stick":4,"minecraft:wooden_pickaxe":1,"minecraft:wooden_axe":1},"minecraft:killed_by":{"jacky:jacky":1,"skinwalker_overhaul:skinwalker_overhaul":1}},"DataVersion":3120}