{"stats":{"minecraft:custom":{"minecraft:mob_kills":25,"minecraft:interact_with_crafting_table":2,"minecraft:leave_game":1,"minecraft:time_since_death":16592,"minecraft:time_since_rest":16638,"minecraft:sprint_one_cm":96628,"minecraft:damage_taken":1318,"minecraft:walk_one_cm":121359,"minecraft:drop":210,"minecraft:damage_dealt":768,"minecraft:fly_one_cm":204915,"minecraft:open_chest":3,"minecraft:crouch_one_cm":696,"minecraft:play_time":42658,"minecraft:deaths":5,"minecraft:sneak_time":744,"minecraft:walk_under_water_one_cm":740,"minecraft:jump":421,"minecraft:walk_on_water_one_cm":2670,"minecraft:total_world_time":42658,"minecraft:fall_one_cm":16992},"minecraft:used":{"skinwalker_overhaul:skinwalker_overhaul_spawn_egg":5,"minecraft:stone_pickaxe":13,"minecraft:wooden_pickaxe":5,"screaming_villager:screaming_villager_spawn_egg":5,"createarmory:strange_substance":1,"minecraft:crafting_table":1,"minecraft:wooden_axe":24,"minecraft:lava_bucket":2,"minecraft:stone_axe":43,"mimicer:mimicer_spawn_egg":3,"minecraft:written_book":1,"simon:simon_12_spawn_egg":3,"minecraft:egg":1},"minecraft:mined":{"minecraft:crafting_table":1,"minecraft:grass_block":2,"minecraft:birch_log":18,"minecraft:birch_leaves":1,"minecraft:grass":3,"minecraft:oak_log":29,"minecraft:stone":17,"minecraft:oak_leaves":14,"minecraft:fern":1},"minecraft:killed":{"mutationcraft:assimilated_donkey":1,"mutationcraft:assimilated_spider":1,"decayingmobsbackport:slain_phantom":1,"decayingmobsbackport:hunted_zombie":3,"mutationcraft:necroptor":4,"mutationcraft:assimilated_villager":1,"minecraft:zombie":2,"mutationcraft:assimilated_human":1,"screaming_villager:screaming_sheep":1,"mutationcraft:assimilated_roamer":1,"mutationcraft:assimilated_pillager":1,"mutationcraft:assimilated_wandering_trader":1,"mutationcraft:developed_roamer":1,"minecraft:cow":3,"mutationcraft:assimilated_cow":1},"minecraft:picked_up":{"minecraft:wooden_axe":1,"minecraft:birch_log":26,"minecraft:crafting_table":4,"minecraft:leather":2,"minecraft:wooden_pickaxe":2,"minecraft:flint":1,"minecraft:oak_log":39,"minecraft:dirt":5,"minecraft:apple":2,"minecraft:beef":4,"mimicer:mimicer_spawn_egg":1,"createarmory:nine_mm_casing":34,"skinwalker_overhaul:skinwalker_overhaul_spawn_egg":1,"minecraft:oak_planks":1,"minecraft:egg":2,"mutationcraft:putrid_claw":9,"screaming_villager:screaming_villager_spawn_egg":1,"minecraft:rotten_flesh":8,"minecraft:golden_hoe":1,"simon:simon_12_spawn_egg":1,"minecraft:obsidian":3,"minecraft:cobblestone":18},"minecraft:dropped":{"minecraft:pink_bed":1,"screaming_villager:screaming_villager_spawn_egg":2,"simon:simon_12_spawn_egg":2,"minecraft:obsidian":6,"createarmory:junk_gun":1,"createarmory:fifty_cal":128,"mimicer:mimicer_spawn_egg":2,"createarmory:strange_substance":54,"skinwalker_overhaul:skinwalker_overhaul_spawn_egg":2,"createarmory:empty_double_barrel":1,"minecraft:flint":2,"minecraft:lava_bucket":1,"createarmory:five_five_six_casing":126,"minecraft:golden_hoe":2,"minecraft:written_book":1,"createarmory:upgraded_mini_gun":1,"mutationcraft:putrid_claw":5,"createarmory:nine_mm_casing":34},"minecraft:crafted":{"minecraft:oak_planks":12,"minecraft:crafting_table":1,"minecraft:wooden_pickaxe":1,"minecraft:stick":4,"minecraft:wooden_axe":1},"minecraft:killed_by":{"decayingmobsbackport:weeping_chaser":1,"skinwalker_overhaul:skinwalker_overhaul":1,"minecraft:skeleton":1,"jacky:jacky":1,"decayingmobsbackport:limb_snatcher":1}},"DataVersion":3120}