{
  "minecraft:recipes/decorations/smoker": {
    "criteria": {
      "has_furnace": "2024-07-09 21:33:24 +0000"
    },
    "done": true
  },
  "minecraft:recipes/food/cooked_mutton_from_campfire_cooking": {
    "criteria": {
      "has_mutton": "2024-07-09 21:53:05 +0000"
    },
    "done": true
  },
  "minecraft:recipes/building_blocks/purple_wool": {
    "criteria": {
      "has_white_wool": "2024-07-09 21:53:05 +0000"
    },
    "done": true
  },
  "create:recipes/create.base/blasting/zinc_ingot_from_raw_ore": {
    "criteria": {
      "has_item": "2024-07-09 21:44:24 +0000"
    },
    "done": true
  },
  "minecraft:recipes/redstone/lever": {
    "criteria": {
      "has_cobblestone": "2024-07-09 21:15:46 +0000"
    },
    "done": true
  },
  "minecraft:recipes/building_blocks/cobblestone_stairs_from_cobblestone_stonecutting": {
    "criteria": {
      "has_cobblestone": "2024-07-09 21:15:46 +0000"
    },
    "done": true
  },
  "minecraft:recipes/building_blocks/magenta_concrete_powder": {
    "criteria": {
      "has_sand": "2024-07-09 21:18:19 +0000"
    },
    "done": true
  },
  "minecraft:recipes/combat/iron_sword": {
    "criteria": {
      "has_iron_ingot": "2024-07-09 21:33:41 +0000"
    },
    "done": true
  },
  "create:recipes/create.palettes/cut_diorite_brick_stairs_from_stone_types_diorite_stonecutting": {
    "criteria": {
      "has_stone_types_diorite": "2024-07-09 21:49:30 +0000"
    },
    "done": true
  },
  "create:recipes/create.palettes/polished_cut_asurine_wall_from_stone_types_asurine_stonecutting": {
    "criteria": {
      "has_stone_types_asurine": "2024-07-09 21:44:38 +0000"
    },
    "done": true
  },
  "minecraft:recipes/building_blocks/polished_deepslate": {
    "criteria": {
      "has_cobbled_deepslate": "2024-07-09 21:44:59 +0000"
    },
    "done": true
  },
  "minecraft:recipes/building_blocks/chiseled_deepslate_from_cobbled_deepslate_stonecutting": {
    "criteria": {
      "has_cobbled_deepslate": "2024-07-09 21:44:59 +0000"
    },
    "done": true
  },
  "create:recipes/building_blocks/diorite_from_stone_types_diorite_stonecutting": {
    "criteria": {
      "has_stone_types_diorite": "2024-07-09 21:49:30 +0000"
    },
    "done": true
  },
  "create:recipes/create.base/crafting/logistics/powered_latch": {
    "criteria": {
      "has_item": "2024-07-09 21:39:18 +0000"
    },
    "done": true
  },
  "minecraft:recipes/decorations/white_bed": {
    "criteria": {
      "has_white_wool": "2024-07-09 21:53:05 +0000"
    },
    "done": true
  },
  "minecraft:recipes/building_blocks/lime_concrete_powder": {
    "criteria": {
      "has_sand": "2024-07-09 21:18:19 +0000"
    },
    "done": true
  },
  "minecraft:recipes/tools/iron_pickaxe": {
    "criteria": {
      "has_iron_ingot": "2024-07-09 21:33:41 +0000"
    },
    "done": true
  },
  "create:recipes/create.palettes/polished_cut_diorite_wall_from_stone_types_diorite_stonecutting": {
    "criteria": {
      "has_stone_types_diorite": "2024-07-09 21:49:30 +0000"
    },
    "done": true
  },
  "minecraft:recipes/building_blocks/yellow_concrete_powder": {
    "criteria": {
      "has_sand": "2024-07-09 21:18:19 +0000"
    },
    "done": true
  },
  "minecraft:recipes/combat/leather_helmet": {
    "criteria": {
      "has_leather": "2024-07-09 21:27:29 +0000"
    },
    "done": true
  },
  "minecraft:recipes/decorations/crafting_table": {
    "criteria": {
      "has_planks": "2024-07-09 21:35:08 +0000"
    },
    "done": true
  },
  "minecraft:recipes/building_blocks/magenta_wool": {
    "criteria": {
      "has_white_wool": "2024-07-09 21:53:05 +0000"
    },
    "done": true
  },
  "minecraft:recipes/decorations/campfire": {
    "criteria": {
      "has_coal": "2024-07-09 21:24:24 +0000"
    },
    "done": true
  },
  "create:recipes/create.palettes/crafting/kinetics/light_gray_seat": {
    "criteria": {
      "has_wool": "2024-07-09 21:53:05 +0000"
    },
    "done": true
  },
  "create:recipes/create.palettes/polished_cut_asurine_stairs_from_stone_types_asurine_stonecutting": {
    "criteria": {
      "has_stone_types_asurine": "2024-07-09 21:44:38 +0000"
    },
    "done": true
  },
  "minecraft:recipes/building_blocks/diorite_slab_from_diorite_stonecutting": {
    "criteria": {
      "has_diorite": "2024-07-09 21:49:30 +0000"
    },
    "done": true
  },
  "minecraft:recipes/decorations/ladder": {
    "criteria": {
      "has_stick": "2024-07-09 21:28:53 +0000"
    },
    "done": true
  },
  "minecraft:recipes/misc/iron_nugget": {
    "criteria": {
      "has_iron_ingot": "2024-07-09 21:33:41 +0000"
    },
    "done": true
  },
  "minecraft:recipes/decorations/chest": {
    "criteria": {
      "has_lots_of_items": "2024-07-09 21:20:28 +0000"
    },
    "done": true
  },
  "minecraft:recipes/building_blocks/brown_concrete_powder": {
    "criteria": {
      "has_sand": "2024-07-09 21:18:19 +0000"
    },
    "done": true
  },
  "minecraft:recipes/building_blocks/cobbled_deepslate_slab": {
    "criteria": {
      "has_cobbled_deepslate": "2024-07-09 21:44:59 +0000"
    },
    "done": true
  },
  "create:recipes/create.palettes/crafting/kinetics/blue_seat": {
    "criteria": {
      "has_wool": "2024-07-09 21:53:05 +0000"
    },
    "done": true
  },
  "minecraft:recipes/decorations/black_bed_from_white_bed": {
    "criteria": {
      "has_bed": "2024-07-09 21:20:28 +0000"
    },
    "done": true
  },
  "minecraft:recipes/transportation/mangrove_boat": {
    "criteria": {
      "in_water": "2024-07-09 21:12:08 +0000"
    },
    "done": true
  },
  "minecraft:recipes/building_blocks/deepslate_tile_slab_from_cobbled_deepslate_stonecutting": {
    "criteria": {
      "has_cobbled_deepslate": "2024-07-09 21:44:59 +0000"
    },
    "done": true
  },
  "minecraft:recipes/tools/wooden_shovel": {
    "criteria": {
      "has_stick": "2024-07-09 21:28:53 +0000"
    },
    "done": true
  },
  "minecraft:recipes/decorations/torch": {
    "criteria": {
      "has_stone_pickaxe": "2024-07-09 21:22:25 +0000"
    },
    "done": true
  },
  "create:recipes/create.palettes/cut_diorite_stairs_from_stone_types_diorite_stonecutting": {
    "criteria": {
      "has_stone_types_diorite": "2024-07-09 21:49:30 +0000"
    },
    "done": true
  },
  "create:recipes/create.palettes/industrial_iron_block_from_ingots_iron_stonecutting": {
    "criteria": {
      "has_ingots_iron": "2024-07-09 21:33:41 +0000"
    },
    "done": true
  },
  "minecraft:recipes/building_blocks/cyan_wool": {
    "criteria": {
      "has_white_wool": "2024-07-09 21:53:05 +0000"
    },
    "done": true
  },
  "minecraft:recipes/tools/shears": {
    "criteria": {
      "has_iron_ingot": "2024-07-09 21:33:41 +0000"
    },
    "done": true
  },
  "minecraft:recipes/misc/stick": {
    "criteria": {
      "has_the_recipe": "2024-07-09 21:28:53 +0000"
    },
    "done": true
  },
  "create:recipes/create.palettes/small_granite_brick_stairs_from_stone_types_granite_stonecutting": {
    "criteria": {
      "has_stone_types_granite": "2024-07-09 21:23:00 +0000"
    },
    "done": true
  },
  "minecraft:recipes/transportation/spruce_boat": {
    "criteria": {
      "in_water": "2024-07-09 21:12:08 +0000"
    },
    "done": true
  },
  "create:recipes/create.palettes/oak_window": {
    "criteria": {
      "has_ingredient": "2024-07-09 21:35:08 +0000"
    },
    "done": true
  },
  "create:recipes/create.palettes/crafting/kinetics/yellow_seat": {
    "criteria": {
      "has_wool": "2024-07-09 21:53:05 +0000"
    },
    "done": true
  },
  "minecraft:recipes/tools/flint_and_steel": {
    "criteria": {
      "has_flint": "2024-07-09 21:35:23 +0000"
    },
    "done": true
  },
  "minecraft:recipes/food/cake": {
    "criteria": {
      "has_egg": "2024-07-09 21:10:52 +0000"
    },
    "done": true
  },
  "minecraft:recipes/building_blocks/gray_wool": {
    "criteria": {
      "has_white_wool": "2024-07-09 21:53:05 +0000"
    },
    "done": true
  },
  "minecraft:recipes/building_blocks/polished_granite_from_granite_stonecutting": {
    "criteria": {
      "has_granite": "2024-07-09 21:23:00 +0000"
    },
    "done": true
  },
  "minecraft:recipes/misc/sugar_from_sugar_cane": {
    "criteria": {
      "has_sugar_cane": "2024-07-09 21:45:17 +0000"
    },
    "done": true
  },
  "minecraft:recipes/combat/iron_leggings": {
    "criteria": {
      "has_iron_ingot": "2024-07-09 21:33:41 +0000"
    },
    "done": true
  },
  "create:recipes/create.palettes/asurine_from_stone_types_asurine_stonecutting": {
    "criteria": {
      "has_stone_types_asurine": "2024-07-09 21:44:38 +0000"
    },
    "done": true
  },
  "minecraft:husbandry/balanced_diet": {
    "criteria": {
      "bread": "2024-07-09 21:56:08 +0000"
    },
    "done": false
  },
  "minecraft:recipes/tools/wooden_hoe": {
    "criteria": {
      "has_stick": "2024-07-09 21:28:53 +0000"
    },
    "done": true
  },
  "minecraft:recipes/combat/shield": {
    "criteria": {
      "has_iron_ingot": "2024-07-09 21:33:41 +0000"
    },
    "done": true
  },
  "minecraft:recipes/building_blocks/cobblestone_slab": {
    "criteria": {
      "has_cobblestone": "2024-07-09 21:15:46 +0000"
    },
    "done": true
  },
  "create:recipes/create.palettes/polished_cut_diorite_stairs_from_stone_types_diorite_stonecutting": {
    "criteria": {
      "has_stone_types_diorite": "2024-07-09 21:49:30 +0000"
    },
    "done": true
  },
  "minecraft:recipes/misc/bucket": {
    "criteria": {
      "has_iron_ingot": "2024-07-09 21:33:41 +0000"
    },
    "done": true
  },
  "create:recipes/create.palettes/polished_cut_asurine_from_stone_types_asurine_stonecutting": {
    "criteria": {
      "has_stone_types_asurine": "2024-07-09 21:44:38 +0000"
    },
    "done": true
  },
  "minecraft:recipes/building_blocks/diorite_slab": {
    "criteria": {
      "has_diorite": "2024-07-09 21:49:30 +0000"
    },
    "done": true
  },
  "minecraft:recipes/building_blocks/cobblestone_stairs": {
    "criteria": {
      "has_cobblestone": "2024-07-09 21:15:45 +0000"
    },
    "done": true
  },
  "minecraft:recipes/redstone/hopper": {
    "criteria": {
      "has_iron_ingot": "2024-07-09 21:33:41 +0000"
    },
    "done": true
  },
  "create:recipes/create.palettes/cut_asurine_wall_from_stone_types_asurine_stonecutting": {
    "criteria": {
      "has_stone_types_asurine": "2024-07-09 21:44:38 +0000"
    },
    "done": true
  },
  "minecraft:recipes/decorations/cobbled_deepslate_wall_from_cobbled_deepslate_stonecutting": {
    "criteria": {
      "has_cobbled_deepslate": "2024-07-09 21:44:59 +0000"
    },
    "done": true
  },
  "minecraft:recipes/decorations/yellow_bed_from_white_bed": {
    "criteria": {
      "has_bed": "2024-07-09 21:20:28 +0000"
    },
    "done": true
  },
  "create:recipes/create.base/crafting/logistics/powered_toggle_latch": {
    "criteria": {
      "has_item": "2024-07-09 21:39:18 +0000"
    },
    "done": true
  },
  "create:recipes/create.palettes/asurine_pillar_from_stone_types_asurine_stonecutting": {
    "criteria": {
      "has_stone_types_asurine": "2024-07-09 21:44:38 +0000"
    },
    "done": true
  },
  "minecraft:recipes/building_blocks/coarse_dirt": {
    "criteria": {
      "has_gravel": "2024-07-09 21:32:21 +0000"
    },
    "done": true
  },
  "create:recipes/create.palettes/crafting/kinetics/lime_seat": {
    "criteria": {
      "has_wool": "2024-07-09 21:53:05 +0000"
    },
    "done": true
  },
  "minecraft:recipes/decorations/granite_wall": {
    "criteria": {
      "has_granite": "2024-07-09 21:23:00 +0000"
    },
    "done": true
  },
  "minecraft:recipes/redstone/note_block": {
    "criteria": {
      "has_redstone": "2024-07-09 21:39:18 +0000"
    },
    "done": true
  },
  "minecraft:recipes/decorations/white_banner": {
    "criteria": {
      "has_white_wool": "2024-07-09 21:53:05 +0000"
    },
    "done": true
  },
  "minecraft:recipes/building_blocks/deepslate_tile_stairs_from_cobbled_deepslate_stonecutting": {
    "criteria": {
      "has_cobbled_deepslate": "2024-07-09 21:44:59 +0000"
    },
    "done": true
  },
  "minecraft:recipes/building_blocks/light_gray_concrete_powder": {
    "criteria": {
      "has_sand": "2024-07-09 21:18:19 +0000"
    },
    "done": true
  },
  "minecraft:recipes/building_blocks/light_blue_concrete_powder": {
    "criteria": {
      "has_sand": "2024-07-09 21:18:19 +0000"
    },
    "done": true
  },
  "minecraft:recipes/building_blocks/deepslate_tiles_from_cobbled_deepslate_stonecutting": {
    "criteria": {
      "has_cobbled_deepslate": "2024-07-09 21:44:59 +0000"
    },
    "done": true
  },
  "minecraft:recipes/building_blocks/polished_diorite_slab_from_diorite_stonecutting": {
    "criteria": {
      "has_diorite": "2024-07-09 21:49:30 +0000"
    },
    "done": true
  },
  "create:recipes/create.palettes/small_granite_brick_wall_from_stone_types_granite_stonecutting": {
    "criteria": {
      "has_stone_types_granite": "2024-07-09 21:23:00 +0000"
    },
    "done": true
  },
  "create:recipes/create.palettes/cut_granite_slab_from_stone_types_granite_stonecutting": {
    "criteria": {
      "has_stone_types_granite": "2024-07-09 21:23:00 +0000"
    },
    "done": true
  },
  "minecraft:recipes/misc/leather_horse_armor": {
    "criteria": {
      "has_leather": "2024-07-09 21:27:29 +0000"
    },
    "done": true
  },
  "minecraft:recipes/combat/leather_leggings": {
    "criteria": {
      "has_leather": "2024-07-09 21:27:29 +0000"
    },
    "done": true
  },
  "minecraft:recipes/building_blocks/glass": {
    "criteria": {
      "has_sand": "2024-07-09 21:18:19 +0000"
    },
    "done": true
  },
  "minecraft:recipes/combat/iron_helmet": {
    "criteria": {
      "has_iron_ingot": "2024-07-09 21:33:41 +0000"
    },
    "done": true
  },
  "create:recipes/create.palettes/crafting/kinetics/white_seat": {
    "criteria": {
      "has_wool": "2024-07-09 21:53:05 +0000"
    },
    "done": true
  },
  "minecraft:recipes/building_blocks/pink_concrete_powder": {
    "criteria": {
      "has_sand": "2024-07-09 21:18:19 +0000"
    },
    "done": true
  },
  "create:recipes/create.palettes/cut_diorite_from_stone_types_diorite_stonecutting": {
    "criteria": {
      "has_stone_types_diorite": "2024-07-09 21:49:30 +0000"
    },
    "done": true
  },
  "minecraft:recipes/redstone/oak_fence_gate": {
    "criteria": {
      "has_planks": "2024-07-09 21:35:08 +0000"
    },
    "done": true
  },
  "create:recipes/create.palettes/cut_granite_brick_wall_from_stone_types_granite_stonecutting": {
    "criteria": {
      "has_stone_types_granite": "2024-07-09 21:23:00 +0000"
    },
    "done": true
  },
  "minecraft:recipes/building_blocks/purple_concrete_powder": {
    "criteria": {
      "has_sand": "2024-07-09 21:18:19 +0000"
    },
    "done": true
  },
  "minecraft:recipes/decorations/magenta_bed_from_white_bed": {
    "criteria": {
      "has_bed": "2024-07-09 21:20:28 +0000"
    },
    "done": true
  },
  "create:recipes/create.palettes/polished_cut_granite_from_stone_types_granite_stonecutting": {
    "criteria": {
      "has_stone_types_granite": "2024-07-09 21:23:00 +0000"
    },
    "done": true
  },
  "minecraft:recipes/decorations/iron_bars": {
    "criteria": {
      "has_iron_ingot": "2024-07-09 21:33:41 +0000"
    },
    "done": true
  },
  "minecraft:recipes/decorations/diorite_wall_from_diorite_stonecutting": {
    "criteria": {
      "has_diorite": "2024-07-09 21:49:30 +0000"
    },
    "done": true
  },
  "minecraft:recipes/decorations/orange_bed_from_white_bed": {
    "criteria": {
      "has_bed": "2024-07-09 21:20:28 +0000"
    },
    "done": true
  },
  "minecraft:recipes/building_blocks/blue_wool": {
    "criteria": {
      "has_white_wool": "2024-07-09 21:53:05 +0000"
    },
    "done": true
  },
  "create:recipes/create.palettes/cut_diorite_brick_wall_from_stone_types_diorite_stonecutting": {
    "criteria": {
      "has_stone_types_diorite": "2024-07-09 21:49:30 +0000"
    },
    "done": true
  },
  "minecraft:story/mine_stone": {
    "criteria": {
      "get_stone": "2024-07-09 21:15:46 +0000"
    },
    "done": true
  },
  "create:recipes/create.palettes/cut_asurine_brick_stairs_from_stone_types_asurine_stonecutting": {
    "criteria": {
      "has_stone_types_asurine": "2024-07-09 21:44:38 +0000"
    },
    "done": true
  },
  "create:recipes/create.palettes/cut_diorite_wall_from_stone_types_diorite_stonecutting": {
    "criteria": {
      "has_stone_types_diorite": "2024-07-09 21:49:30 +0000"
    },
    "done": true
  },
  "minecraft:recipes/redstone/target": {
    "criteria": {
      "has_redstone": "2024-07-09 21:39:18 +0000"
    },
    "done": true
  },
  "create:recipes/create.base/smelting/zinc_ingot_from_raw_ore": {
    "criteria": {
      "has_item": "2024-07-09 21:44:24 +0000"
    },
    "done": true
  },
  "minecraft:recipes/decorations/furnace": {
    "criteria": {
      "has_cobblestone": "2024-07-09 21:15:46 +0000"
    },
    "done": true
  },
  "minecraft:recipes/transportation/minecart": {
    "criteria": {
      "has_iron_ingot": "2024-07-09 21:33:41 +0000"
    },
    "done": true
  },
  "create:recipes/create.base/crafting/logistics/pulse_repeater": {
    "criteria": {
      "has_item": "2024-07-09 21:39:18 +0000"
    },
    "done": true
  },
  "minecraft:recipes/decorations/deepslate_brick_wall_from_cobbled_deepslate_stonecutting": {
    "criteria": {
      "has_cobbled_deepslate": "2024-07-09 21:44:59 +0000"
    },
    "done": true
  },
  "decayingmobsbackport:seems_normal_enough": {
    "criteria": {
      "seems_normal_enough": "2024-07-09 21:08:37 +0000"
    },
    "done": true
  },
  "decayingmobsbackport:what_acheap_jumpscare": {
    "criteria": {
      "what_acheap_jumpscare": "2024-07-09 22:05:34 +0000"
    },
    "done": true
  },
  "minecraft:adventure/sleep_in_bed": {
    "criteria": {
      "slept_in_bed": "2024-07-09 21:18:25 +0000"
    },
    "done": true
  },
  "minecraft:recipes/misc/charcoal": {
    "criteria": {
      "has_log": "2024-07-09 21:09:29 +0000"
    },
    "done": true
  },
  "minecraft:recipes/building_blocks/sandstone": {
    "criteria": {
      "has_sand": "2024-07-09 21:18:19 +0000"
    },
    "done": true
  },
  "minecraft:recipes/building_blocks/orange_wool": {
    "criteria": {
      "has_white_wool": "2024-07-09 21:53:05 +0000"
    },
    "done": true
  },
  "minecraft:recipes/tools/iron_hoe": {
    "criteria": {
      "has_iron_ingot": "2024-07-09 21:33:41 +0000"
    },
    "done": true
  },
  "minecraft:recipes/tools/wooden_pickaxe": {
    "criteria": {
      "has_stick": "2024-07-09 21:28:53 +0000"
    },
    "done": true
  },
  "minecraft:recipes/building_blocks/cobblestone_slab_from_cobblestone_stonecutting": {
    "criteria": {
      "has_cobblestone": "2024-07-09 21:15:46 +0000"
    },
    "done": true
  },
  "create:recipes/create.palettes/crafting/kinetics/green_seat": {
    "criteria": {
      "has_wool": "2024-07-09 21:53:05 +0000"
    },
    "done": true
  },
  "minecraft:recipes/building_blocks/cobbled_deepslate_stairs": {
    "criteria": {
      "has_cobbled_deepslate": "2024-07-09 21:44:59 +0000"
    },
    "done": true
  },
  "minecraft:recipes/redstone/redstone_torch": {
    "criteria": {
      "has_redstone": "2024-07-09 21:39:18 +0000"
    },
    "done": true
  },
  "minecraft:husbandry/root": {
    "criteria": {
      "consumed_item": "2024-07-09 21:56:08 +0000"
    },
    "done": true
  },
  "create:recipes/create.palettes/crafting/kinetics/red_seat": {
    "criteria": {
      "has_wool": "2024-07-09 21:53:05 +0000"
    },
    "done": true
  },
  "minecraft:recipes/transportation/birch_boat": {
    "criteria": {
      "in_water": "2024-07-09 21:12:08 +0000"
    },
    "done": true
  },
  "create:recipes/create.palettes/cut_asurine_from_stone_types_asurine_stonecutting": {
    "criteria": {
      "has_stone_types_asurine": "2024-07-09 21:44:38 +0000"
    },
    "done": true
  },
  "create:recipes/create.palettes/small_diorite_brick_wall_from_stone_types_diorite_stonecutting": {
    "criteria": {
      "has_stone_types_diorite": "2024-07-09 21:49:30 +0000"
    },
    "done": true
  },
  "minecraft:recipes/building_blocks/oak_stairs": {
    "criteria": {
      "has_planks": "2024-07-09 21:35:08 +0000"
    },
    "done": true
  },
  "minecraft:recipes/building_blocks/polished_granite_slab_from_granite_stonecutting": {
    "criteria": {
      "has_granite": "2024-07-09 21:23:00 +0000"
    },
    "done": true
  },
  "minecraft:recipes/building_blocks/green_concrete_powder": {
    "criteria": {
      "has_sand": "2024-07-09 21:18:19 +0000"
    },
    "done": true
  },
  "minecraft:recipes/building_blocks/cobbled_deepslate_stairs_from_cobbled_deepslate_stonecutting": {
    "criteria": {
      "has_cobbled_deepslate": "2024-07-09 21:44:59 +0000"
    },
    "done": true
  },
  "create:recipes/create.palettes/small_diorite_bricks_from_stone_types_diorite_stonecutting": {
    "criteria": {
      "has_stone_types_diorite": "2024-07-09 21:49:30 +0000"
    },
    "done": true
  },
  "minecraft:recipes/misc/copper_ingot_from_blasting_raw_copper": {
    "criteria": {
      "has_raw_copper": "2024-07-09 21:22:56 +0000"
    },
    "done": true
  },
  "minecraft:recipes/tools/iron_shovel": {
    "criteria": {
      "has_iron_ingot": "2024-07-09 21:33:41 +0000"
    },
    "done": true
  },
  "minecraft:recipes/transportation/acacia_boat": {
    "criteria": {
      "in_water": "2024-07-09 21:12:08 +0000"
    },
    "done": true
  },
  "create:recipes/create.palettes/crafting/kinetics/purple_seat": {
    "criteria": {
      "has_wool": "2024-07-09 21:53:05 +0000"
    },
    "done": true
  },
  "minecraft:recipes/redstone/iron_trapdoor": {
    "criteria": {
      "has_iron_ingot": "2024-07-09 21:33:41 +0000"
    },
    "done": true
  },
  "minecraft:recipes/decorations/cyan_bed_from_white_bed": {
    "criteria": {
      "has_bed": "2024-07-09 21:20:28 +0000"
    },
    "done": true
  },
  "minecraft:adventure/root": {
    "criteria": {
      "killed_something": "2024-07-09 21:10:36 +0000"
    },
    "done": true
  },
  "minecraft:recipes/decorations/gray_bed_from_white_bed": {
    "criteria": {
      "has_bed": "2024-07-09 21:20:28 +0000"
    },
    "done": true
  },
  "minecraft:recipes/building_blocks/white_concrete_powder": {
    "criteria": {
      "has_sand": "2024-07-09 21:18:19 +0000"
    },
    "done": true
  },
  "minecraft:recipes/decorations/item_frame": {
    "criteria": {
      "has_leather": "2024-07-09 21:27:29 +0000"
    },
    "done": true
  },
  "minecraft:recipes/decorations/lime_bed_from_white_bed": {
    "criteria": {
      "has_bed": "2024-07-09 21:20:28 +0000"
    },
    "done": true
  },
  "create:recipes/building_blocks/granite_from_stone_types_granite_stonecutting": {
    "criteria": {
      "has_stone_types_granite": "2024-07-09 21:23:00 +0000"
    },
    "done": true
  },
  "minecraft:recipes/tools/clock": {
    "criteria": {
      "has_redstone": "2024-07-09 21:39:18 +0000"
    },
    "done": true
  },
  "minecraft:recipes/tools/stone_hoe": {
    "criteria": {
      "has_cobblestone": "2024-07-09 21:15:46 +0000"
    },
    "done": true
  },
  "create:recipes/create.palettes/polished_cut_diorite_from_stone_types_diorite_stonecutting": {
    "criteria": {
      "has_stone_types_diorite": "2024-07-09 21:49:30 +0000"
    },
    "done": true
  },
  "minecraft:adventure/kill_all_mobs": {
    "criteria": {
      "minecraft:zombie": "2024-07-09 22:06:44 +0000"
    },
    "done": false
  },
  "create:recipes/create.palettes/crafting/kinetics/light_blue_seat": {
    "criteria": {
      "has_wool": "2024-07-09 21:53:05 +0000"
    },
    "done": true
  },
  "minecraft:recipes/decorations/green_bed_from_white_bed": {
    "criteria": {
      "has_bed": "2024-07-09 21:20:28 +0000"
    },
    "done": true
  },
  "create:recipes/create.palettes/crafting/materials/raw_zinc_block": {
    "criteria": {
      "has_item": "2024-07-09 21:44:24 +0000"
    },
    "done": true
  },
  "create:recipes/create.palettes/small_granite_bricks_from_stone_types_granite_stonecutting": {
    "criteria": {
      "has_stone_types_granite": "2024-07-09 21:23:00 +0000"
    },
    "done": true
  },
  "minecraft:recipes/building_blocks/polished_deepslate_from_cobbled_deepslate_stonecutting": {
    "criteria": {
      "has_cobbled_deepslate": "2024-07-09 21:44:59 +0000"
    },
    "done": true
  },
  "minecraft:recipes/redstone/redstone_block": {
    "criteria": {
      "has_redstone": "2024-07-09 21:39:18 +0000"
    },
    "done": true
  },
  "minecraft:recipes/building_blocks/deepslate": {
    "criteria": {
      "has_cobbled_deepslate": "2024-07-09 21:44:59 +0000"
    },
    "done": true
  },
  "minecraft:recipes/building_blocks/granite_slab": {
    "criteria": {
      "has_granite": "2024-07-09 21:23:00 +0000"
    },
    "done": true
  },
  "minecraft:recipes/food/cooked_beef_from_smoking": {
    "criteria": {
      "has_beef": "2024-07-09 21:20:22 +0000"
    },
    "done": true
  },
  "minecraft:recipes/decorations/fletching_table": {
    "criteria": {
      "has_flint": "2024-07-09 21:35:23 +0000"
    },
    "done": true
  },
  "minecraft:recipes/decorations/pink_bed_from_white_bed": {
    "criteria": {
      "has_bed": "2024-07-09 21:20:28 +0000"
    },
    "done": true
  },
  "minecraft:recipes/decorations/white_carpet": {
    "criteria": {
      "has_white_wool": "2024-07-09 21:53:05 +0000"
    },
    "done": true
  },
  "minecraft:recipes/misc/iron_nugget_from_smelting": {
    "criteria": {
      "has_iron_pickaxe": "2024-07-09 21:34:14 +0000"
    },
    "done": true
  },
  "minecraft:recipes/food/cooked_mutton_from_smoking": {
    "criteria": {
      "has_mutton": "2024-07-09 21:53:05 +0000"
    },
    "done": true
  },
  "minecraft:recipes/building_blocks/polished_deepslate_slab_from_cobbled_deepslate_stonecutting": {
    "criteria": {
      "has_cobbled_deepslate": "2024-07-09 21:44:59 +0000"
    },
    "done": true
  },
  "create:recipes/create.base/crafting/materials/rose_quartz": {
    "criteria": {
      "has_item": "2024-07-09 21:39:18 +0000"
    },
    "done": true
  },
  "minecraft:recipes/decorations/granite_wall_from_granite_stonecutting": {
    "criteria": {
      "has_granite": "2024-07-09 21:23:00 +0000"
    },
    "done": true
  },
  "create:root": {
    "criteria": {
      "0": "2024-07-09 21:09:29 +0000"
    },
    "done": true
  },
  "create:recipes/create.palettes/polished_cut_granite_slab_from_stone_types_granite_stonecutting": {
    "criteria": {
      "has_stone_types_granite": "2024-07-09 21:23:00 +0000"
    },
    "done": true
  },
  "create:recipes/create.palettes/cut_asurine_stairs_from_stone_types_asurine_stonecutting": {
    "criteria": {
      "has_stone_types_asurine": "2024-07-09 21:44:38 +0000"
    },
    "done": true
  },
  "minecraft:recipes/decorations/chain": {
    "criteria": {
      "has_iron_ingot": "2024-07-09 21:33:41 +0000"
    },
    "done": true
  },
  "create:recipes/create.palettes/cut_asurine_slab_from_stone_types_asurine_stonecutting": {
    "criteria": {
      "has_stone_types_asurine": "2024-07-09 21:44:38 +0000"
    },
    "done": true
  },
  "create:recipes/create.palettes/small_diorite_brick_stairs_from_stone_types_diorite_stonecutting": {
    "criteria": {
      "has_stone_types_diorite": "2024-07-09 21:49:30 +0000"
    },
    "done": true
  },
  "create:recipes/create.palettes/layered_granite_from_stone_types_granite_stonecutting": {
    "criteria": {
      "has_stone_types_granite": "2024-07-09 21:23:00 +0000"
    },
    "done": true
  },
  "minecraft:story/upgrade_tools": {
    "criteria": {
      "stone_pickaxe": "2024-07-09 21:22:25 +0000"
    },
    "done": true
  },
  "minecraft:recipes/building_blocks/polished_granite_stairs_from_granite_stonecutting": {
    "criteria": {
      "has_granite": "2024-07-09 21:23:00 +0000"
    },
    "done": true
  },
  "minecraft:recipes/decorations/oak_fence": {
    "criteria": {
      "has_planks": "2024-07-09 21:35:08 +0000"
    },
    "done": true
  },
  "minecraft:recipes/transportation/oak_boat": {
    "criteria": {
      "in_water": "2024-07-09 21:12:08 +0000"
    },
    "done": true
  },
  "minecraft:recipes/misc/gold_ingot_from_gold_block": {
    "criteria": {
      "has_gold_block": "2024-07-09 21:53:23 +0000"
    },
    "done": true
  },
  "minecraft:recipes/decorations/blue_bed_from_white_bed": {
    "criteria": {
      "has_bed": "2024-07-09 21:20:28 +0000"
    },
    "done": true
  },
  "minecraft:recipes/building_blocks/orange_concrete_powder": {
    "criteria": {
      "has_sand": "2024-07-09 21:18:19 +0000"
    },
    "done": true
  },
  "minecraft:recipes/food/cooked_porkchop": {
    "criteria": {
      "has_porkchop": "2024-07-09 21:51:32 +0000"
    },
    "done": true
  },
  "minecraft:recipes/building_blocks/oak_slab": {
    "criteria": {
      "has_planks": "2024-07-09 21:35:08 +0000"
    },
    "done": true
  },
  "minecraft:recipes/building_blocks/cyan_concrete_powder": {
    "criteria": {
      "has_sand": "2024-07-09 21:18:19 +0000"
    },
    "done": true
  },
  "create:recipes/create.palettes/cut_diorite_slab_from_stone_types_diorite_stonecutting": {
    "criteria": {
      "has_stone_types_diorite": "2024-07-09 21:49:30 +0000"
    },
    "done": true
  },
  "create:recipes/create.palettes/cut_diorite_brick_slab_from_stone_types_diorite_stonecutting": {
    "criteria": {
      "has_stone_types_diorite": "2024-07-09 21:49:30 +0000"
    },
    "done": true
  },
  "minecraft:recipes/food/cooked_porkchop_from_campfire_cooking": {
    "criteria": {
      "has_porkchop": "2024-07-09 21:51:32 +0000"
    },
    "done": true
  },
  "minecraft:recipes/building_blocks/raw_copper_block": {
    "criteria": {
      "has_raw_copper": "2024-07-09 21:22:56 +0000"
    },
    "done": true
  },
  "create:recipes/create.palettes/small_asurine_brick_stairs_from_stone_types_asurine_stonecutting": {
    "criteria": {
      "has_stone_types_asurine": "2024-07-09 21:44:38 +0000"
    },
    "done": true
  },
  "minecraft:recipes/tools/wooden_axe": {
    "criteria": {
      "has_stick": "2024-07-09 21:28:53 +0000"
    },
    "done": true
  },
  "minecraft:recipes/building_blocks/lime_wool": {
    "criteria": {
      "has_white_wool": "2024-07-09 21:53:05 +0000"
    },
    "done": true
  },
  "minecraft:recipes/building_blocks/granite_stairs": {
    "criteria": {
      "has_granite": "2024-07-09 21:23:00 +0000"
    },
    "done": true
  },
  "minecraft:recipes/misc/paper": {
    "criteria": {
      "has_reeds": "2024-07-09 21:45:17 +0000"
    },
    "done": true
  },
  "create:recipes/create.palettes/small_granite_brick_slab_from_stone_types_granite_stonecutting": {
    "criteria": {
      "has_stone_types_granite": "2024-07-09 21:23:00 +0000"
    },
    "done": true
  },
  "minecraft:recipes/building_blocks/polished_diorite_stairs_from_diorite_stonecutting": {
    "criteria": {
      "has_diorite": "2024-07-09 21:49:30 +0000"
    },
    "done": true
  },
  "minecraft:recipes/building_blocks/black_wool": {
    "criteria": {
      "has_white_wool": "2024-07-09 21:53:05 +0000"
    },
    "done": true
  },
  "create:recipes/create.palettes/crafting/kinetics/gray_seat": {
    "criteria": {
      "has_wool": "2024-07-09 21:53:05 +0000"
    },
    "done": true
  },
  "create:recipes/create.palettes/cut_granite_brick_slab_from_stone_types_granite_stonecutting": {
    "criteria": {
      "has_stone_types_granite": "2024-07-09 21:23:00 +0000"
    },
    "done": true
  },
  "create:recipes/create.palettes/cut_granite_stairs_from_stone_types_granite_stonecutting": {
    "criteria": {
      "has_stone_types_granite": "2024-07-09 21:23:00 +0000"
    },
    "done": true
  },
  "minecraft:recipes/decorations/deepslate_tile_wall_from_cobbled_deepslate_stonecutting": {
    "criteria": {
      "has_cobbled_deepslate": "2024-07-09 21:44:59 +0000"
    },
    "done": true
  },
  "minecraft:recipes/misc/iron_ingot_from_blasting_raw_iron": {
    "criteria": {
      "has_raw_iron": "2024-07-09 21:24:19 +0000"
    },
    "done": true
  },
  "minecraft:recipes/building_blocks/green_wool": {
    "criteria": {
      "has_white_wool": "2024-07-09 21:53:05 +0000"
    },
    "done": true
  },
  "minecraft:recipes/building_blocks/diorite_stairs_from_diorite_stonecutting": {
    "criteria": {
      "has_diorite": "2024-07-09 21:49:30 +0000"
    },
    "done": true
  },
  "minecraft:recipes/building_blocks/brown_wool": {
    "criteria": {
      "has_white_wool": "2024-07-09 21:53:05 +0000"
    },
    "done": true
  },
  "create:recipes/create.palettes/small_diorite_brick_slab_from_stone_types_diorite_stonecutting": {
    "criteria": {
      "has_stone_types_diorite": "2024-07-09 21:49:30 +0000"
    },
    "done": true
  },
  "create:recipes/create.palettes/layered_diorite_from_stone_types_diorite_stonecutting": {
    "criteria": {
      "has_stone_types_diorite": "2024-07-09 21:49:30 +0000"
    },
    "done": true
  },
  "minecraft:recipes/building_blocks/iron_block": {
    "criteria": {
      "has_iron_ingot": "2024-07-09 21:33:41 +0000"
    },
    "done": true
  },
  "minecraft:recipes/decorations/painting": {
    "criteria": {
      "has_wool": "2024-07-09 21:53:05 +0000"
    },
    "done": true
  },
  "minecraft:recipes/misc/nether_brick": {
    "criteria": {
      "has_netherrack": "2024-07-09 21:53:37 +0000"
    },
    "done": true
  },
  "minecraft:recipes/combat/arrow": {
    "criteria": {
      "has_flint": "2024-07-09 21:35:23 +0000"
    },
    "done": true
  },
  "minecraft:recipes/building_blocks/coal_block": {
    "criteria": {
      "has_coal": "2024-07-09 21:24:24 +0000"
    },
    "done": true
  },
  "create:recipes/create.palettes/cut_granite_from_stone_types_granite_stonecutting": {
    "criteria": {
      "has_stone_types_granite": "2024-07-09 21:23:00 +0000"
    },
    "done": true
  },
  "create:recipes/create.palettes/crafting/kinetics/cyan_seat": {
    "criteria": {
      "has_wool": "2024-07-09 21:53:05 +0000"
    },
    "done": true
  },
  "create:recipes/create.base/crafting/materials/andesite_alloy": {
    "criteria": {
      "has_item": "2024-07-09 21:33:41 +0000"
    },
    "done": true
  },
  "minecraft:recipes/building_blocks/light_blue_wool": {
    "criteria": {
      "has_white_wool": "2024-07-09 21:53:05 +0000"
    },
    "done": true
  },
  "minecraft:recipes/combat/wooden_sword": {
    "criteria": {
      "has_stick": "2024-07-09 21:28:53 +0000"
    },
    "done": true
  },
  "minecraft:recipes/tools/stone_shovel": {
    "criteria": {
      "has_cobblestone": "2024-07-09 21:15:46 +0000"
    },
    "done": true
  },
  "minecraft:recipes/building_blocks/oak_planks": {
    "criteria": {
      "has_logs": "2024-07-09 21:09:29 +0000"
    },
    "done": true
  },
  "minecraft:recipes/building_blocks/blue_concrete_powder": {
    "criteria": {
      "has_sand": "2024-07-09 21:18:19 +0000"
    },
    "done": true
  },
  "minecraft:recipes/building_blocks/gray_concrete_powder": {
    "criteria": {
      "has_sand": "2024-07-09 21:18:19 +0000"
    },
    "done": true
  },
  "minecraft:recipes/building_blocks/diorite_stairs": {
    "criteria": {
      "has_diorite": "2024-07-09 21:49:30 +0000"
    },
    "done": true
  },
  "minecraft:recipes/building_blocks/granite_slab_from_granite_stonecutting": {
    "criteria": {
      "has_granite": "2024-07-09 21:23:00 +0000"
    },
    "done": true
  },
  "create:recipes/create.palettes/crafting/kinetics/brown_seat": {
    "criteria": {
      "has_wool": "2024-07-09 21:53:05 +0000"
    },
    "done": true
  },
  "create:recipes/create.palettes/cut_asurine_brick_wall_from_stone_types_asurine_stonecutting": {
    "criteria": {
      "has_stone_types_asurine": "2024-07-09 21:44:38 +0000"
    },
    "done": true
  },
  "create:recipes/create.palettes/cut_asurine_bricks_from_stone_types_asurine_stonecutting": {
    "criteria": {
      "has_stone_types_asurine": "2024-07-09 21:44:38 +0000"
    },
    "done": true
  },
  "create:recipes/create.palettes/polished_cut_granite_wall_from_stone_types_granite_stonecutting": {
    "criteria": {
      "has_stone_types_granite": "2024-07-09 21:23:00 +0000"
    },
    "done": true
  },
  "create:recipes/create.palettes/crafting/kinetics/magenta_seat": {
    "criteria": {
      "has_wool": "2024-07-09 21:53:05 +0000"
    },
    "done": true
  },
  "minecraft:recipes/tools/iron_axe": {
    "criteria": {
      "has_iron_ingot": "2024-07-09 21:33:41 +0000"
    },
    "done": true
  },
  "minecraft:recipes/building_blocks/andesite": {
    "criteria": {
      "has_stone": "2024-07-09 21:49:30 +0000"
    },
    "done": true
  },
  "minecraft:recipes/redstone/oak_pressure_plate": {
    "criteria": {
      "has_planks": "2024-07-09 21:35:08 +0000"
    },
    "done": true
  },
  "minecraft:recipes/combat/iron_boots": {
    "criteria": {
      "has_iron_ingot": "2024-07-09 21:33:41 +0000"
    },
    "done": true
  },
  "create:recipes/create.palettes/crafting/kinetics/black_seat": {
    "criteria": {
      "has_wool": "2024-07-09 21:53:05 +0000"
    },
    "done": true
  },
  "minecraft:recipes/building_blocks/polished_deepslate_stairs_from_cobbled_deepslate_stonecutting": {
    "criteria": {
      "has_cobbled_deepslate": "2024-07-09 21:44:59 +0000"
    },
    "done": true
  },
  "minecraft:recipes/building_blocks/black_concrete_powder": {
    "criteria": {
      "has_sand": "2024-07-09 21:18:19 +0000"
    },
    "done": true
  },
  "minecraft:story/iron_tools": {
    "criteria": {
      "iron_pickaxe": "2024-07-09 21:34:14 +0000"
    },
    "done": true
  },
  "create:recipes/create.palettes/small_asurine_brick_wall_from_stone_types_asurine_stonecutting": {
    "criteria": {
      "has_stone_types_asurine": "2024-07-09 21:44:38 +0000"
    },
    "done": true
  },
  "minecraft:recipes/building_blocks/oak_wood": {
    "criteria": {
      "has_log": "2024-07-09 21:09:29 +0000"
    },
    "done": true
  },
  "create:recipes/create.palettes/small_asurine_bricks_from_stone_types_asurine_stonecutting": {
    "criteria": {
      "has_stone_types_asurine": "2024-07-09 21:44:38 +0000"
    },
    "done": true
  },
  "create:recipes/create.palettes/polished_cut_diorite_slab_from_stone_types_diorite_stonecutting": {
    "criteria": {
      "has_stone_types_diorite": "2024-07-09 21:49:30 +0000"
    },
    "done": true
  },
  "minecraft:story/root": {
    "criteria": {
      "crafting_table": "2024-07-09 21:20:31 +0000"
    },
    "done": true
  },
  "minecraft:recipes/combat/iron_chestplate": {
    "criteria": {
      "has_iron_ingot": "2024-07-09 21:33:41 +0000"
    },
    "done": true
  },
  "minecraft:recipes/redstone/dropper": {
    "criteria": {
      "has_redstone": "2024-07-09 21:39:18 +0000"
    },
    "done": true
  },
  "minecraft:recipes/combat/crossbow": {
    "criteria": {
      "has_stick": "2024-07-09 21:28:53 +0000"
    },
    "done": true
  },
  "minecraft:recipes/decorations/cobbled_deepslate_wall": {
    "criteria": {
      "has_cobbled_deepslate": "2024-07-09 21:44:59 +0000"
    },
    "done": true
  },
  "minecraft:recipes/building_blocks/yellow_wool": {
    "criteria": {
      "has_white_wool": "2024-07-09 21:53:05 +0000"
    },
    "done": true
  },
  "create:recipes/create.palettes/crafting/kinetics/orange_seat": {
    "criteria": {
      "has_wool": "2024-07-09 21:53:05 +0000"
    },
    "done": true
  },
  "minecraft:recipes/decorations/oak_sign": {
    "criteria": {
      "has_planks": "2024-07-09 21:35:08 +0000"
    },
    "done": true
  },
  "minecraft:recipes/food/cooked_porkchop_from_smoking": {
    "criteria": {
      "has_porkchop": "2024-07-09 21:51:32 +0000"
    },
    "done": true
  },
  "create:recipes/create.palettes/polished_cut_asurine_slab_from_stone_types_asurine_stonecutting": {
    "criteria": {
      "has_stone_types_asurine": "2024-07-09 21:44:38 +0000"
    },
    "done": true
  },
  "minecraft:recipes/redstone/oak_trapdoor": {
    "criteria": {
      "has_planks": "2024-07-09 21:35:08 +0000"
    },
    "done": true
  },
  "minecraft:recipes/building_blocks/granite_stairs_from_granite_stonecutting": {
    "criteria": {
      "has_granite": "2024-07-09 21:23:00 +0000"
    },
    "done": true
  },
  "minecraft:recipes/building_blocks/polished_diorite_from_diorite_stonecutting": {
    "criteria": {
      "has_diorite": "2024-07-09 21:49:30 +0000"
    },
    "done": true
  },
  "create:recipes/create.base/crafting/kinetics/empty_blaze_burner": {
    "criteria": {
      "has_item": "2024-07-09 21:33:41 +0000"
    },
    "done": true
  },
  "minecraft:recipes/building_blocks/red_concrete_powder": {
    "criteria": {
      "has_sand": "2024-07-09 21:18:19 +0000"
    },
    "done": true
  },
  "decayingmobsbackport:jumpscares_disabled": {
    "criteria": {
      "jumpscares_disabled": "2024-07-09 21:08:37 +0000"
    },
    "done": true
  },
  "minecraft:recipes/decorations/light_blue_bed_from_white_bed": {
    "criteria": {
      "has_bed": "2024-07-09 21:20:28 +0000"
    },
    "done": true
  },
  "minecraft:recipes/misc/iron_nugget_from_blasting": {
    "criteria": {
      "has_iron_pickaxe": "2024-07-09 21:34:14 +0000"
    },
    "done": true
  },
  "minecraft:recipes/decorations/polished_deepslate_wall_from_cobbled_deepslate_stonecutting": {
    "criteria": {
      "has_cobbled_deepslate": "2024-07-09 21:44:59 +0000"
    },
    "done": true
  },
  "minecraft:recipes/combat/leather_chestplate": {
    "criteria": {
      "has_leather": "2024-07-09 21:27:29 +0000"
    },
    "done": true
  },
  "minecraft:recipes/tools/compass": {
    "criteria": {
      "has_redstone": "2024-07-09 21:39:18 +0000"
    },
    "done": true
  },
  "create:recipes/create.base/crafting/appliances/crafting_blueprint": {
    "criteria": {
      "has_item": "2024-07-09 21:20:31 +0000"
    },
    "done": true
  },
  "minecraft:adventure/kill_a_mob": {
    "criteria": {
      "minecraft:zombie": "2024-07-09 22:06:44 +0000"
    },
    "done": true
  },
  "create:recipes/create.palettes/granite_pillar_from_stone_types_granite_stonecutting": {
    "criteria": {
      "has_stone_types_granite": "2024-07-09 21:23:00 +0000"
    },
    "done": true
  },
  "minecraft:recipes/redstone/oak_button": {
    "criteria": {
      "has_planks": "2024-07-09 21:35:08 +0000"
    },
    "done": true
  },
  "minecraft:recipes/decorations/diorite_wall": {
    "criteria": {
      "has_diorite": "2024-07-09 21:49:30 +0000"
    },
    "done": true
  },
  "minecraft:recipes/building_blocks/stone": {
    "criteria": {
      "has_cobblestone": "2024-07-09 21:15:46 +0000"
    },
    "done": true
  },
  "minecraft:recipes/building_blocks/deepslate_bricks_from_cobbled_deepslate_stonecutting": {
    "criteria": {
      "has_cobbled_deepslate": "2024-07-09 21:44:59 +0000"
    },
    "done": true
  },
  "create:recipes/create.palettes/cut_diorite_bricks_from_stone_types_diorite_stonecutting": {
    "criteria": {
      "has_stone_types_diorite": "2024-07-09 21:49:30 +0000"
    },
    "done": true
  },
  "minecraft:recipes/food/cooked_beef": {
    "criteria": {
      "has_beef": "2024-07-09 21:20:22 +0000"
    },
    "done": true
  },
  "minecraft:recipes/building_blocks/deepslate_brick_stairs_from_cobbled_deepslate_stonecutting": {
    "criteria": {
      "has_cobbled_deepslate": "2024-07-09 21:44:59 +0000"
    },
    "done": true
  },
  "minecraft:adventure/adventuring_time": {
    "criteria": {
      "minecraft:frozen_river": "2024-07-09 21:38:43 +0000",
      "minecraft:river": "2024-07-09 21:12:21 +0000",
      "minecraft:snowy_plains": "2024-07-09 21:27:38 +0000",
      "minecraft:dripstone_caves": "2024-07-09 21:44:07 +0000",
      "minecraft:snowy_taiga": "2024-07-09 21:40:45 +0000",
      "minecraft:forest": "2024-07-09 21:08:38 +0000",
      "minecraft:meadow": "2024-07-09 22:02:13 +0000",
      "minecraft:plains": "2024-07-09 21:11:02 +0000"
    },
    "done": false
  },
  "minecraft:recipes/redstone/iron_door": {
    "criteria": {
      "has_iron_ingot": "2024-07-09 21:33:41 +0000"
    },
    "done": true
  },
  "minecraft:recipes/decorations/purple_bed_from_white_bed": {
    "criteria": {
      "has_bed": "2024-07-09 21:20:28 +0000"
    },
    "done": true
  },
  "minecraft:recipes/misc/copper_ingot_from_smelting_raw_copper": {
    "criteria": {
      "has_raw_copper": "2024-07-09 21:22:56 +0000"
    },
    "done": true
  },
  "create:recipes/create.palettes/diorite_pillar_from_stone_types_diorite_stonecutting": {
    "criteria": {
      "has_stone_types_diorite": "2024-07-09 21:49:30 +0000"
    },
    "done": true
  },
  "minecraft:recipes/combat/stone_sword": {
    "criteria": {
      "has_cobblestone": "2024-07-09 21:15:46 +0000"
    },
    "done": true
  },
  "minecraft:recipes/decorations/cobblestone_wall": {
    "criteria": {
      "has_cobblestone": "2024-07-09 21:15:46 +0000"
    },
    "done": true
  },
  "minecraft:recipes/decorations/barrel": {
    "criteria": {
      "has_planks": "2024-07-09 21:35:08 +0000"
    },
    "done": true
  },
  "minecraft:recipes/misc/iron_ingot_from_smelting_raw_iron": {
    "criteria": {
      "has_raw_iron": "2024-07-09 21:24:19 +0000"
    },
    "done": true
  },
  "minecraft:recipes/tools/stone_pickaxe": {
    "criteria": {
      "has_cobblestone": "2024-07-09 21:15:45 +0000"
    },
    "done": true
  },
  "minecraft:recipes/decorations/smithing_table": {
    "criteria": {
      "has_iron_ingot": "2024-07-09 21:33:41 +0000"
    },
    "done": true
  },
  "create:recipes/create.palettes/crafting/kinetics/pink_seat": {
    "criteria": {
      "has_wool": "2024-07-09 21:53:05 +0000"
    },
    "done": true
  },
  "minecraft:recipes/redstone/oak_door": {
    "criteria": {
      "has_planks": "2024-07-09 21:35:08 +0000"
    },
    "done": true
  },
  "minecraft:recipes/building_blocks/deepslate_brick_slab_from_cobbled_deepslate_stonecutting": {
    "criteria": {
      "has_cobbled_deepslate": "2024-07-09 21:44:59 +0000"
    },
    "done": true
  },
  "minecraft:recipes/combat/leather_boots": {
    "criteria": {
      "has_leather": "2024-07-09 21:27:29 +0000"
    },
    "done": true
  },
  "create:recipes/create.palettes/cut_granite_bricks_from_stone_types_granite_stonecutting": {
    "criteria": {
      "has_stone_types_granite": "2024-07-09 21:23:00 +0000"
    },
    "done": true
  },
  "minecraft:recipes/transportation/jungle_boat": {
    "criteria": {
      "in_water": "2024-07-09 21:12:08 +0000"
    },
    "done": true
  },
  "minecraft:recipes/decorations/cobblestone_wall_from_cobblestone_stonecutting": {
    "criteria": {
      "has_cobblestone": "2024-07-09 21:15:46 +0000"
    },
    "done": true
  },
  "minecraft:recipes/redstone/heavy_weighted_pressure_plate": {
    "criteria": {
      "has_iron_ingot": "2024-07-09 21:33:41 +0000"
    },
    "done": true
  },
  "minecraft:recipes/decorations/glow_item_frame": {
    "criteria": {
      "has_glow_ink_sac": "2024-07-09 21:48:10 +0000"
    },
    "done": true
  },
  "minecraft:recipes/transportation/dark_oak_boat": {
    "criteria": {
      "in_water": "2024-07-09 21:12:08 +0000"
    },
    "done": true
  },
  "create:recipes/create.palettes/polished_cut_granite_stairs_from_stone_types_granite_stonecutting": {
    "criteria": {
      "has_stone_types_granite": "2024-07-09 21:23:00 +0000"
    },
    "done": true
  },
  "minecraft:recipes/building_blocks/pink_wool": {
    "criteria": {
      "has_white_wool": "2024-07-09 21:53:05 +0000"
    },
    "done": true
  },
  "minecraft:recipes/decorations/brown_bed_from_white_bed": {
    "criteria": {
      "has_bed": "2024-07-09 21:20:28 +0000"
    },
    "done": true
  },
  "create:recipes/create.palettes/cut_asurine_brick_slab_from_stone_types_asurine_stonecutting": {
    "criteria": {
      "has_stone_types_asurine": "2024-07-09 21:44:38 +0000"
    },
    "done": true
  },
  "create:recipes/create.palettes/cut_granite_wall_from_stone_types_granite_stonecutting": {
    "criteria": {
      "has_stone_types_granite": "2024-07-09 21:23:00 +0000"
    },
    "done": true
  },
  "minecraft:recipes/building_blocks/polished_granite": {
    "criteria": {
      "has_granite": "2024-07-09 21:23:00 +0000"
    },
    "done": true
  },
  "minecraft:recipes/redstone/piston": {
    "criteria": {
      "has_redstone": "2024-07-09 21:39:18 +0000"
    },
    "done": true
  },
  "minecraft:recipes/decorations/lantern": {
    "criteria": {
      "has_iron_ingot": "2024-07-09 21:33:41 +0000"
    },
    "done": true
  },
  "create:recipes/create.base/crafting/logistics/pulse_extender": {
    "criteria": {
      "has_item": "2024-07-09 21:39:18 +0000"
    },
    "done": true
  },
  "minecraft:recipes/food/cooked_beef_from_campfire_cooking": {
    "criteria": {
      "has_beef": "2024-07-09 21:20:22 +0000"
    },
    "done": true
  },
  "minecraft:recipes/building_blocks/polished_diorite": {
    "criteria": {
      "has_diorite": "2024-07-09 21:49:30 +0000"
    },
    "done": true
  },
  "minecraft:recipes/building_blocks/cobbled_deepslate_slab_from_cobbled_deepslate_stonecutting": {
    "criteria": {
      "has_cobbled_deepslate": "2024-07-09 21:44:59 +0000"
    },
    "done": true
  },
  "minecraft:recipes/building_blocks/light_gray_wool": {
    "criteria": {
      "has_white_wool": "2024-07-09 21:53:05 +0000"
    },
    "done": true
  },
  "minecraft:recipes/decorations/red_bed_from_white_bed": {
    "criteria": {
      "has_bed": "2024-07-09 21:20:28 +0000"
    },
    "done": true
  },
  "minecraft:recipes/building_blocks/red_wool": {
    "criteria": {
      "has_white_wool": "2024-07-09 21:53:05 +0000"
    },
    "done": true
  },
  "minecraft:recipes/decorations/soul_campfire": {
    "criteria": {
      "has_stick": "2024-07-09 21:28:53 +0000"
    },
    "done": true
  },
  "minecraft:story/smelt_iron": {
    "criteria": {
      "iron": "2024-07-09 21:33:41 +0000"
    },
    "done": true
  },
  "minecraft:recipes/tools/stone_axe": {
    "criteria": {
      "has_cobblestone": "2024-07-09 21:15:46 +0000"
    },
    "done": true
  },
  "create:recipes/create.palettes/small_asurine_brick_slab_from_stone_types_asurine_stonecutting": {
    "criteria": {
      "has_stone_types_asurine": "2024-07-09 21:44:38 +0000"
    },
    "done": true
  },
  "minecraft:recipes/building_blocks/raw_iron_block": {
    "criteria": {
      "has_raw_iron": "2024-07-09 21:24:19 +0000"
    },
    "done": true
  },
  "minecraft:recipes/food/cooked_mutton": {
    "criteria": {
      "has_mutton": "2024-07-09 21:53:05 +0000"
    },
    "done": true
  },
  "create:recipes/create.palettes/cut_granite_brick_stairs_from_stone_types_granite_stonecutting": {
    "criteria": {
      "has_stone_types_granite": "2024-07-09 21:23:00 +0000"
    },
    "done": true
  },
  "minecraft:recipes/decorations/light_gray_bed_from_white_bed": {
    "criteria": {
      "has_bed": "2024-07-09 21:20:28 +0000"
    },
    "done": true
  },
  "create:recipes/create.palettes/layered_asurine_from_stone_types_asurine_stonecutting": {
    "criteria": {
      "has_stone_types_asurine": "2024-07-09 21:44:38 +0000"
    },
    "done": true
  },
  "DataVersion": 3120
}